monthly_profit_id,store_id,date_id,month_id,total_monthly_revenue_gbp,total_monthly_cogs_gbp,monthly_rent_gbp,monthly_staffing_cost_gbp,loyalty_redemption_cost_gbp,net_profit_gbp,net_profit_margin_pct,avg_daily_footfall,loyalty_member_revenue_pct,loyalty_member_spend_gbp,non_member_spend_gbp,revenue_per_sqft_gbp,peak_hour_transactions,dead_hour_transactions,avg_dwell_time_minutes,rent_band,profitability_status
1,1,1,2023-01,43122.38,18960.29,5668.39,18650.39,1265.95,-1422.64,-0.033,403.2,0.257,11082.45,32039.93,34.61,2132,232,16.6,Medium,Break-Even
2,1,32,2023-02,85280.28,32937.97,6144.28,15500.71,1205.06,29492.26,0.3458,300.7,0.333,28398.33,56881.95,68.44,1948,419,21.9,Medium,Highly-Profitable
3,1,60,2023-03,77887.37,32295.39,5553.55,20051.35,1790.04,18197.04,0.2336,599.6,0.312,24300.86,53586.51,62.51,1739,406,21.9,Medium,Profitable
4,1,91,2023-04,68856.94,24246.13,6212.06,16554.04,1353.44,20491.27,0.2976,527.0,0.343,23617.93,45239.01,55.26,1974,272,22.2,Medium,Highly-Profitable
5,1,121,2023-05,74488.85,29922.81,5732.17,19102.84,798.93,18932.1,0.2542,544.5,0.323,24059.9,50428.95,59.78,1512,526,40.8,Medium,Profitable
6,1,152,2023-06,62857.15,27193.4,5943.29,17305.37,1171.22,11243.87,0.1789,665.8,0.222,13954.29,48902.86,50.45,2020,609,25.4,Medium,Profitable
7,1,182,2023-07,61759.54,22902.7,5442.37,19529.37,1313.13,12571.97,0.2036,541.4,0.292,18033.79,43725.75,49.57,1879,354,23.5,Medium,Profitable
8,1,213,2023-08,70193.5,26624.33,5802.97,16456.77,1424.89,19884.54,0.2833,361.6,0.308,21619.6,48573.9,56.34,1984,506,13.4,Medium,Profitable
9,1,244,2023-09,42149.26,15898.27,5971.2,13703.08,1206.84,5369.87,0.1274,519.8,0.385,16227.47,25921.79,33.83,1535,609,40.5,Medium,Break-Even
10,1,274,2023-10,61087.44,21282.7,6107.81,16104.83,1343.02,16249.08,0.266,465.0,0.34,20769.73,40317.71,49.03,2072,235,27.4,Medium,Profitable
11,1,305,2023-11,38351.18,16624.87,5613.42,15912.49,1506.43,-1306.03,-0.0341,727.2,0.398,15263.77,23087.41,30.78,2137,264,30.6,Medium,Break-Even
12,1,335,2023-12,64694.15,24401.87,5831.66,16530.3,1230.14,16700.18,0.2581,393.1,0.315,20378.66,44315.49,51.92,1127,708,17.3,Medium,Profitable
13,1,366,2024-01,36594.42,13926.83,5378.07,17359.45,1251.93,-1321.86,-0.0361,385.2,0.26,9514.55,27079.87,29.37,2023,276,14.5,Medium,Break-Even
14,1,397,2024-02,75113.09,32524.15,5527.97,18388.44,1114.72,17557.81,0.2338,486.7,0.332,24937.55,50175.54,60.28,1855,345,21.0,Medium,Profitable
15,1,426,2024-03,78256.28,30738.02,5813.17,15780.21,656.4,25268.48,0.3229,786.7,0.285,22303.04,55953.24,62.81,1912,265,19.7,Medium,Highly-Profitable
16,1,457,2024-04,38910.66,14382.01,5597.69,16645.66,1246.17,1039.13,0.0267,714.1,0.339,13190.71,25719.95,31.23,1878,356,7.7,Medium,Break-Even
17,1,487,2024-05,45660.94,20008.24,5773.17,16222.8,1445.7,2211.03,0.0484,318.4,0.313,14291.87,31369.07,36.65,2404,417,17.8,Medium,Break-Even
18,1,518,2024-06,66042.74,26596.21,5960.23,19677.24,905.77,12903.29,0.1954,681.5,0.288,19020.31,47022.43,53.0,1457,323,11.4,Medium,Profitable
19,1,548,2024-07,48367.73,20924.73,5579.76,17857.18,786.77,3219.29,0.0666,319.6,0.283,13688.07,34679.66,38.82,1564,495,25.8,Medium,Break-Even
20,1,579,2024-08,49660.85,21085.54,6378.88,18839.05,613.87,2743.51,0.0552,610.6,0.271,13458.09,36202.76,39.86,2164,379,37.0,Medium,Break-Even
21,1,610,2024-09,76353.26,29862.63,6222.58,16952.28,1468.67,21847.1,0.2861,371.1,0.34,25960.11,50393.15,61.28,2142,505,21.0,Medium,Highly-Profitable
22,1,640,2024-10,80183.96,33358.97,6526.3,19388.36,1067.81,19842.52,0.2475,467.6,0.331,26540.89,53643.07,64.35,2352,599,8.3,Medium,Profitable
23,1,671,2024-11,62331.62,20457.58,6048.37,16783.61,1187.58,17854.48,0.2864,584.1,0.323,20133.11,42198.51,50.03,1927,534,23.8,Medium,Profitable
24,1,701,2024-12,76196.54,29588.02,5525.02,18143.6,1681.25,21258.65,0.279,315.4,0.209,15925.08,60271.46,61.15,1968,503,19.7,Medium,Highly-Profitable
25,2,1,2023-01,76924.29,26203.11,6197.47,18251.15,1029.12,25243.44,0.3282,407.3,0.257,19769.54,57154.75,70.77,2030,547,22.1,Medium,Highly-Profitable
26,2,32,2023-02,48040.19,20464.33,5375.87,19145.44,782.12,2272.43,0.0473,498.5,0.216,10376.68,37663.51,44.2,2004,352,27.4,Medium,Break-Even
27,2,60,2023-03,80497.51,34330.44,6192.62,19102.66,666.12,20205.67,0.251,468.5,0.213,17145.97,63351.54,74.05,1612,411,25.8,Medium,Highly-Profitable
28,2,91,2023-04,26547.1,8718.26,6303.02,16856.58,1608.62,-6939.38,-0.2614,521.8,0.374,9928.62,16618.48,24.42,1285,600,26.4,Medium,Loss-Making
29,2,121,2023-05,53695.9,18506.6,5942.26,19156.48,831.37,9259.19,0.1724,569.6,0.219,11759.4,41936.5,49.4,1942,536,30.6,Medium,Profitable
30,2,152,2023-06,62495.18,24904.44,6421.63,17202.76,1306.34,12660.01,0.2026,578.3,0.28,17498.65,44996.53,57.49,2296,403,18.9,Medium,Profitable
31,2,182,2023-07,51970.14,19508.49,6459.74,17602.19,827.16,7572.56,0.1457,427.9,0.279,14499.67,37470.47,47.81,1551,331,16.3,Medium,Break-Even
32,2,213,2023-08,80902.29,26308.47,6616.18,20081.66,500.58,27395.4,0.3386,411.5,0.264,21358.2,59544.09,74.43,1976,471,26.7,Medium,Highly-Profitable
33,2,244,2023-09,61396.25,21610.91,6509.38,21650.01,985.31,10640.64,0.1733,619.9,0.293,17989.1,43407.15,56.48,1538,549,15.6,Medium,Profitable
34,2,274,2023-10,83715.32,33952.79,6500.44,21833.63,811.56,20616.9,0.2463,755.7,0.301,25198.31,58517.01,77.02,968,460,15.2,Medium,Highly-Profitable
35,2,305,2023-11,58088.08,20131.68,6748.72,19919.01,1260.7,10027.97,0.1726,475.1,0.265,15393.34,42694.74,53.44,2227,635,28.8,Medium,Profitable
36,2,335,2023-12,86289.5,34727.29,6375.25,17841.25,1625.02,25720.69,0.2981,446.2,0.349,30115.04,56174.46,79.38,1612,376,8.5,Medium,Highly-Profitable
37,2,366,2024-01,69742.76,26596.8,6626.58,17204.07,1415.16,17900.15,0.2567,217.4,0.28,19527.97,50214.79,64.16,1314,318,25.9,Medium,Profitable
38,2,397,2024-02,70286.54,26283.57,6012.52,20634.78,1080.22,16275.45,0.2316,719.8,0.293,20593.96,49692.58,64.66,1184,530,19.6,Medium,Profitable
39,2,426,2024-03,94347.13,32920.77,7173.82,16401.9,688.17,37162.47,0.3939,522.2,0.172,16227.71,78119.42,86.8,2768,329,17.1,Medium,Highly-Profitable
40,2,457,2024-04,60423.63,22890.58,6299.28,20574.81,1437.09,9221.87,0.1526,391.0,0.348,21027.42,39396.21,55.59,2112,438,16.3,Medium,Profitable
41,2,487,2024-05,69520.66,26906.85,6613.04,19616.35,1273.42,15111.0,0.2174,366.9,0.284,19743.87,49776.79,63.96,1603,283,12.8,Medium,Profitable
42,2,518,2024-06,52051.09,16696.42,5925.47,20526.44,1198.51,7704.25,0.148,498.3,0.337,17541.22,34509.87,47.89,1883,201,16.4,Medium,Break-Even
43,2,548,2024-07,62922.99,22060.7,6013.08,20277.31,1190.05,13381.85,0.2127,359.3,0.223,14031.83,48891.16,57.89,1839,385,19.4,Medium,Profitable
44,2,579,2024-08,50043.64,19843.1,6740.53,18609.16,1121.52,3729.33,0.0745,143.5,0.174,8707.59,41336.05,46.04,1925,512,14.4,Medium,Break-Even
45,2,610,2024-09,67563.94,27888.85,6901.01,18680.13,1474.99,12618.96,0.1868,410.7,0.203,13715.48,53848.46,62.16,1476,436,23.2,Medium,Profitable
46,2,640,2024-10,55285.17,20050.48,5930.41,18790.91,1406.94,9106.43,0.1647,485.0,0.304,16806.69,38478.48,50.86,2125,398,23.1,Medium,Profitable
47,2,671,2024-11,68688.04,29400.19,6452.12,17627.84,1019.06,14188.83,0.2066,368.8,0.238,16347.75,52340.29,63.19,1846,429,16.6,Medium,Profitable
48,2,701,2024-12,60001.6,20471.88,5960.03,22124.21,905.64,10539.84,0.1757,625.2,0.249,14940.4,45061.2,55.2,1899,346,23.5,Medium,Profitable
49,3,1,2023-01,75227.09,28082.78,5630.29,18754.38,2247.65,20511.99,0.2727,551.0,0.37,27834.02,47393.07,44.75,2367,470,22.8,Medium,Highly-Profitable
50,3,32,2023-02,87642.73,30603.47,5633.99,17967.18,1044.86,32393.23,0.3696,541.3,0.419,36722.3,50920.43,52.14,2363,264,25.7,Medium,Highly-Profitable
51,3,60,2023-03,64071.94,26652.94,5304.73,22056.41,1545.97,8511.89,0.1328,435.4,0.439,28127.58,35944.36,38.12,2057,496,20.7,Medium,Profitable
52,3,91,2023-04,97093.24,37673.8,5367.92,20403.61,840.99,32806.92,0.3379,712.2,0.39,37866.36,59226.88,57.76,1509,323,25.1,Medium,Highly-Profitable
53,3,121,2023-05,41466.89,14837.17,6037.77,20310.15,819.3,-537.5,-0.013,458.6,0.436,18079.56,23387.33,24.67,2085,327,19.9,Medium,Break-Even
54,3,152,2023-06,57817.29,22788.27,5838.38,19888.03,1578.57,7724.04,0.1336,480.1,0.419,24225.44,33591.85,34.39,2044,372,34.8,Medium,Break-Even
55,3,182,2023-07,60569.41,25850.3,5536.47,18283.48,1128.05,9771.11,0.1613,241.1,0.423,25620.86,34948.55,36.03,2291,471,21.0,Medium,Profitable
56,3,213,2023-08,45209.44,15594.51,6138.2,18292.12,1464.35,3720.26,0.0823,459.2,0.432,19530.48,25678.96,26.89,1554,494,13.7,Medium,Break-Even
57,3,244,2023-09,73718.74,26699.17,5351.61,19702.16,752.31,21213.49,0.2878,523.1,0.438,32288.81,41429.93,43.85,1822,240,34.0,Medium,Highly-Profitable
58,3,274,2023-10,68064.77,27808.75,5447.99,19199.84,2090.23,13517.96,0.1986,568.8,0.473,32194.64,35870.13,40.49,1688,441,13.7,Medium,Profitable
59,3,305,2023-11,47760.36,17733.0,5651.81,17238.63,1126.8,6010.12,0.1258,478.4,0.396,18913.1,28847.26,28.41,1981,602,19.2,Medium,Break-Even
60,3,335,2023-12,70098.34,26225.12,5989.67,19717.37,1431.67,16734.51,0.2387,610.1,0.458,32105.04,37993.3,41.7,704,244,19.8,Medium,Profitable
61,3,366,2024-01,76256.64,29072.0,5725.78,19807.61,1252.44,20398.81,0.2675,572.3,0.475,36221.9,40034.74,45.36,2341,156,28.5,Medium,Highly-Profitable
62,3,397,2024-02,53114.23,18617.61,5210.27,17728.91,1144.46,10412.98,0.196,616.2,0.446,23688.95,29425.28,31.6,1626,669,18.4,Medium,Profitable
63,3,426,2024-03,28041.34,10634.65,5539.92,19573.86,1774.24,-9481.33,-0.3381,952.6,0.463,12983.14,15058.2,16.68,1590,521,19.9,Medium,Loss-Making
64,3,457,2024-04,69354.65,23285.39,5545.16,20765.77,1163.25,18595.08,0.2681,398.4,0.388,26909.6,42445.05,41.26,1881,535,17.8,Medium,Profitable
65,3,487,2024-05,28715.56,12370.28,5256.4,17145.88,1534.08,-7591.08,-0.2644,378.2,0.414,11888.24,16827.32,17.08,1839,242,14.3,Medium,Loss-Making
66,3,518,2024-06,82244.93,27335.48,5578.2,18302.08,238.86,30790.31,0.3744,773.0,0.473,38901.85,43343.08,48.93,1719,463,23.4,Medium,Highly-Profitable
67,3,548,2024-07,90973.44,33286.34,5643.12,17349.94,912.32,33781.72,0.3713,413.6,0.49,44576.99,46396.45,54.12,2068,166,16.2,Medium,Highly-Profitable
68,3,579,2024-08,55861.58,24323.68,5651.52,21297.79,1237.56,3351.03,0.06,351.7,0.406,22679.8,33181.78,33.23,1701,184,20.8,Medium,Break-Even
69,3,610,2024-09,54275.26,20761.82,5525.38,20563.87,1346.53,6077.66,0.112,268.0,0.422,22904.16,31371.1,32.29,1799,681,22.8,Medium,Break-Even
70,3,640,2024-10,85071.41,33263.19,5543.23,19424.74,1035.63,25804.62,0.3033,481.5,0.502,42705.85,42365.56,50.61,1686,50,26.1,Medium,Highly-Profitable
71,3,671,2024-11,55468.89,18842.66,5533.07,21086.71,1400.83,8605.62,0.1551,423.5,0.394,21854.74,33614.15,33.0,1910,404,9.3,Medium,Profitable
72,3,701,2024-12,99145.78,43126.41,5248.9,20860.42,1178.82,28731.23,0.2898,434.2,0.456,45210.48,53935.3,58.98,2884,374,23.2,Medium,Highly-Profitable
73,4,1,2023-01,66954.81,23421.53,5624.09,21731.81,896.37,15281.01,0.2282,389.2,0.509,34080.0,32874.81,36.63,1487,605,26.4,Medium,Profitable
74,4,32,2023-02,56935.22,19433.92,4500.66,25402.67,779.45,6818.52,0.1198,325.0,0.351,19984.26,36950.96,31.15,1224,324,23.7,Low,Break-Even
75,4,60,2023-03,55117.5,22152.18,5244.55,29488.38,893.73,-2661.34,-0.0483,268.4,0.424,23369.82,31747.68,30.15,1201,504,27.3,Medium,Loss-Making
76,4,91,2023-04,22418.21,9208.53,5418.73,28281.94,954.35,-21445.34,-0.9566,600.3,0.442,9908.85,12509.36,12.26,1462,450,18.9,Medium,Structural-Loss
77,4,121,2023-05,51387.42,16479.53,5113.07,26917.52,1291.92,1585.38,0.0309,636.4,0.458,23535.44,27851.98,28.11,1519,246,30.6,Medium,Break-Even
78,4,152,2023-06,51011.05,21215.72,4918.15,24114.04,1716.99,-953.85,-0.0187,283.9,0.445,22699.92,28311.13,27.91,2434,385,25.6,Low,Break-Even
79,4,182,2023-07,67606.05,28343.4,5669.32,25292.44,1051.41,7249.48,0.1072,541.6,0.444,30017.09,37588.96,36.98,2016,484,21.4,Medium,Break-Even
80,4,213,2023-08,60638.98,20576.79,5673.4,22632.74,1506.53,10249.52,0.169,410.6,0.307,18616.17,42022.81,33.17,1616,231,17.2,Medium,Profitable
81,4,244,2023-09,82310.79,27225.57,5671.46,25343.83,957.34,23112.59,0.2808,547.4,0.461,37945.27,44365.52,45.03,2483,291,29.3,Medium,Highly-Profitable
82,4,274,2023-10,76347.46,30816.89,5228.33,23204.62,1645.08,15452.54,0.2024,659.2,0.325,24812.92,51534.54,41.77,1520,410,24.7,Medium,Profitable
83,4,305,2023-11,58937.47,24582.42,5399.5,24498.42,1027.36,3429.77,0.0582,521.7,0.391,23044.55,35892.92,32.24,887,726,26.8,Medium,Break-Even
84,4,335,2023-12,49030.09,20922.65,5136.74,28500.59,645.05,-6174.94,-0.1259,480.8,0.363,17797.92,31232.17,26.82,1932,434,26.2,Medium,Loss-Making
85,4,366,2024-01,64512.6,26544.93,5449.67,21543.56,1588.49,9385.95,0.1455,724.2,0.308,19869.88,44642.72,35.29,1509,526,13.3,Medium,Profitable
86,4,397,2024-02,59990.8,26316.06,5013.53,21976.19,1233.38,5451.64,0.0909,509.3,0.511,30655.3,29335.5,32.82,1616,535,17.1,Medium,Break-Even
87,4,426,2024-03,34388.15,14931.29,5471.0,24812.07,1796.08,-12622.29,-0.3671,493.6,0.441,15165.17,19222.98,18.81,1660,498,17.6,Medium,Loss-Making
88,4,457,2024-04,89036.67,31951.83,5161.87,23897.42,1267.47,26758.08,0.3005,620.1,0.38,33833.93,55202.74,48.71,1616,282,11.5,Medium,Highly-Profitable
89,4,487,2024-05,52883.5,19001.26,5272.74,23754.53,1362.33,3492.64,0.066,595.3,0.473,25013.9,27869.6,28.93,1537,227,22.4,Medium,Break-Even
90,4,518,2024-06,69102.81,23297.41,5156.06,27963.77,1390.1,11295.47,0.1635,243.9,0.475,32823.83,36278.98,37.8,1954,481,27.3,Medium,Profitable
91,4,548,2024-07,67353.94,23641.17,5124.89,26397.65,1512.95,10677.28,0.1585,316.9,0.461,31050.17,36303.77,36.85,2087,538,27.1,Medium,Profitable
92,4,579,2024-08,62028.89,26820.52,4964.87,26298.87,1931.7,2012.93,0.0325,394.9,0.449,27850.97,34177.92,33.93,1620,308,29.3,Low,Break-Even
93,4,610,2024-09,49786.07,16196.57,5290.43,26276.97,1775.42,246.68,0.005,317.3,0.443,22055.23,27730.84,27.24,2094,224,20.1,Medium,Break-Even
94,4,640,2024-10,82769.08,35529.86,4876.17,24598.52,1658.5,16106.03,0.1946,689.9,0.415,34349.17,48419.91,45.28,1927,480,29.5,Low,Profitable
95,4,671,2024-11,48280.98,18378.55,5440.72,20845.82,1606.28,2009.61,0.0416,541.5,0.452,21823.0,26457.98,26.41,2360,377,14.4,Medium,Break-Even
96,4,701,2024-12,88762.69,33022.82,5534.7,24209.61,1513.88,24481.68,0.2758,383.9,0.36,31954.57,56808.12,48.56,2100,482,16.4,Medium,Highly-Profitable
97,5,1,2023-01,61742.43,23189.48,12142.67,19738.62,582.44,6089.22,0.0986,422.0,0.211,13027.65,48714.78,61.5,2343,265,23.0,High,Break-Even
98,5,32,2023-02,64205.24,28231.86,10837.22,19623.52,1772.32,3740.32,0.0583,434.2,0.247,15858.69,48346.55,63.95,1583,481,21.4,High,Break-Even
99,5,60,2023-03,85991.27,28881.24,12760.18,20170.64,746.3,23432.91,0.2725,465.0,0.258,22185.75,63805.52,85.65,2015,396,15.0,High,Highly-Profitable
100,5,91,2023-04,62206.52,21857.35,11854.85,21037.79,871.48,6585.05,0.1059,487.7,0.091,5660.79,56545.73,61.96,1745,386,21.3,High,Break-Even
101,5,121,2023-05,67706.92,22570.77,12288.1,18000.84,1111.83,13735.38,0.2029,452.8,0.16,10833.11,56873.81,67.44,1056,600,17.2,High,Profitable
102,5,152,2023-06,59330.57,21088.08,11839.86,21658.33,611.3,4133.0,0.0697,669.3,0.256,15188.63,44141.94,59.09,2506,394,19.7,High,Break-Even
103,5,182,2023-07,49171.92,16646.22,11968.0,23355.42,976.08,-3773.8,-0.0767,544.0,0.234,11506.23,37665.69,48.98,1226,163,28.2,High,Loss-Making
104,5,213,2023-08,77975.72,29467.42,12694.11,18688.5,1337.9,15787.79,0.2025,717.7,0.261,20351.66,57624.06,77.67,2066,309,13.3,High,Profitable
105,5,244,2023-09,48952.64,16446.14,13275.33,19346.66,608.95,-724.44,-0.0148,475.7,0.271,13266.17,35686.47,48.76,1713,393,20.9,High,Break-Even
106,5,274,2023-10,60024.12,20256.24,13010.21,19558.81,945.12,6253.74,0.1042,437.6,0.287,17226.92,42797.2,59.78,1896,491,20.0,High,Break-Even
107,5,305,2023-11,56319.86,22043.3,13270.7,21881.19,1370.99,-2246.32,-0.0399,344.3,0.192,10813.41,45506.45,56.1,1472,430,29.3,High,Loss-Making
108,5,335,2023-12,73588.6,27772.84,12591.46,19834.39,1262.57,12127.34,0.1648,261.6,0.315,23180.41,50408.19,73.3,1931,474,30.8,High,Profitable
109,5,366,2024-01,60026.67,19759.19,12238.64,20548.86,1294.32,6185.66,0.103,682.7,0.274,16447.31,43579.36,59.79,1573,382,15.1,High,Break-Even
110,5,397,2024-02,65632.44,25113.97,12343.06,21152.66,1725.64,5297.11,0.0807,449.8,0.135,8860.38,56772.06,65.37,2074,633,30.8,High,Break-Even
111,5,426,2024-03,94926.68,31469.6,13156.83,22333.91,791.14,27175.2,0.2863,323.6,0.161,15283.2,79643.48,94.55,2263,473,21.5,High,Highly-Profitable
112,5,457,2024-04,64431.55,21037.18,12361.39,23369.64,888.92,6774.42,0.1051,444.8,0.214,13788.35,50643.2,64.17,1592,401,18.1,High,Break-Even
113,5,487,2024-05,74651.69,27121.18,12391.31,18515.58,1846.51,14777.11,0.1979,388.1,0.139,10376.58,64275.11,74.35,2348,395,25.7,High,Profitable
114,5,518,2024-06,49329.66,19949.73,12563.61,22762.32,647.81,-6593.81,-0.1337,391.5,0.206,10161.91,39167.75,49.13,1925,416,21.5,High,Loss-Making
115,5,548,2024-07,50677.83,19935.91,13360.27,19752.97,1374.04,-3745.36,-0.0739,486.4,0.198,10034.21,40643.62,50.48,2055,424,10.4,High,Loss-Making
116,5,579,2024-08,72668.49,30137.84,11002.02,22447.37,1408.56,7672.7,0.1056,398.8,0.228,16568.42,56100.07,72.38,1603,327,15.3,High,Break-Even
117,5,610,2024-09,42695.21,18722.64,12897.11,20117.72,1338.99,-10381.25,-0.2431,587.4,0.223,9521.03,33174.18,42.53,1887,469,20.2,High,Loss-Making
118,5,640,2024-10,47735.6,15491.15,12134.91,22693.52,189.52,-2773.5,-0.0581,340.5,0.185,8831.09,38904.51,47.55,1359,602,27.9,High,Loss-Making
119,5,671,2024-11,79045.37,34730.63,12933.21,22488.47,738.38,8154.68,0.1032,543.4,0.221,17469.03,61576.34,78.73,840,523,20.6,High,Profitable
120,5,701,2024-12,43145.7,14390.86,12933.92,20628.21,1453.34,-6260.63,-0.1451,340.1,0.215,9276.33,33869.37,42.97,1302,415,29.6,High,Loss-Making
121,6,1,2023-01,63576.23,25335.45,3911.18,12668.58,1434.31,20226.71,0.3181,438.5,0.15,9536.43,54039.8,40.14,1756,412,19.4,Low,Highly-Profitable
122,6,32,2023-02,75711.82,30760.08,4441.45,13843.16,1329.02,25338.11,0.3347,585.6,0.087,6586.93,69124.89,47.8,1686,418,25.2,Low,Highly-Profitable
123,6,60,2023-03,68136.65,26083.92,4027.04,14376.64,1063.36,22585.69,0.3315,679.8,0.083,5655.34,62481.31,43.02,1808,697,24.4,Low,Highly-Profitable
124,6,91,2023-04,71686.4,30247.59,4049.93,13277.55,786.63,23324.7,0.3254,390.8,0.16,11469.82,60216.58,45.26,2178,530,10.9,Low,Highly-Profitable
125,6,121,2023-05,65056.68,28091.7,4244.42,11380.89,1170.07,20169.6,0.31,467.2,0.119,7741.74,57314.94,41.07,1753,662,26.9,Low,Highly-Profitable
126,6,152,2023-06,63278.15,22605.32,4262.39,12634.86,1210.2,22565.38,0.3566,634.1,0.076,4809.14,58469.01,39.95,1841,574,22.2,Low,Highly-Profitable
127,6,182,2023-07,67653.16,26437.35,4295.41,13915.05,1289.31,21716.04,0.321,729.9,0.046,3112.05,64541.11,42.71,2116,368,26.3,Low,Highly-Profitable
128,6,213,2023-08,59232.96,19647.98,4140.99,12865.51,1107.88,21470.6,0.3625,450.2,0.02,1184.66,58048.3,37.39,1180,368,27.4,Low,Highly-Profitable
129,6,244,2023-09,88336.85,28466.82,4210.02,13757.01,2048.04,39854.96,0.4512,295.8,0.146,12897.18,75439.67,55.77,1577,451,21.5,Low,Highly-Profitable
130,6,274,2023-10,33534.23,14606.09,4385.73,14013.45,1228.47,-699.51,-0.0209,254.4,0.02,670.68,32863.55,21.17,1284,409,11.4,Low,Break-Even
131,6,305,2023-11,67882.38,23361.79,4257.71,14885.04,714.89,24662.95,0.3633,691.1,0.091,6177.3,61705.08,42.86,1669,236,20.4,Low,Highly-Profitable
132,6,335,2023-12,77262.75,33374.82,4398.38,11529.41,663.74,27296.4,0.3533,440.6,0.097,7494.49,69768.26,48.78,2313,554,12.3,Low,Highly-Profitable
133,6,366,2024-01,49953.38,16715.43,4058.0,12947.98,790.6,15441.37,0.3091,403.2,0.02,999.07,48954.31,31.54,1694,525,25.9,Low,Profitable
134,6,397,2024-02,58052.48,21614.83,4311.16,12659.54,957.04,18509.91,0.3188,275.9,0.035,2031.84,56020.64,36.65,2073,155,34.4,Low,Profitable
135,6,426,2024-03,75499.98,32985.93,3812.25,13362.96,1318.68,24020.16,0.3181,371.0,0.106,8003.0,67496.98,47.66,1940,313,19.1,Low,Highly-Profitable
136,6,457,2024-04,70689.46,26961.26,4400.2,11846.03,1185.01,26296.96,0.372,548.9,0.061,4312.06,66377.4,44.63,2312,681,25.5,Low,Highly-Profitable
137,6,487,2024-05,84019.77,36061.33,4128.91,13210.75,1536.76,29082.02,0.3461,557.5,0.121,10166.39,73853.38,53.04,1981,501,24.1,Low,Highly-Profitable
138,6,518,2024-06,33065.58,14236.52,3963.9,14462.9,846.75,-444.49,-0.0134,359.3,0.046,1521.02,31544.56,20.87,1952,303,27.8,Low,Break-Even
139,6,548,2024-07,22221.23,7265.61,4406.58,13339.75,1622.79,-4413.5,-0.1986,688.9,0.085,1888.8,20332.43,14.03,2164,337,26.5,Low,Loss-Making
140,6,579,2024-08,27498.16,11916.19,4349.48,13985.98,966.58,-3720.07,-0.1353,536.3,0.07,1924.87,25573.29,17.36,1646,279,26.6,Low,Loss-Making
141,6,610,2024-09,52856.58,18107.36,4438.49,14587.55,1021.19,14701.99,0.2781,495.4,0.025,1321.41,51535.17,33.37,1818,393,19.7,Low,Profitable
142,6,640,2024-10,65279.42,22854.85,4293.16,12642.49,591.64,24897.28,0.3814,556.2,0.106,6919.62,58359.8,41.21,1959,483,34.0,Low,Highly-Profitable
143,6,671,2024-11,67161.89,22543.21,4081.06,13969.62,1224.4,25343.6,0.3774,461.0,0.028,1880.53,65281.36,42.4,2196,274,21.1,Low,Highly-Profitable
144,6,701,2024-12,67268.29,21855.03,4320.96,13896.83,1793.9,25401.57,0.3776,710.5,0.02,1345.37,65922.92,42.47,2251,842,23.9,Low,Highly-Profitable
145,7,1,2023-01,74218.59,29719.06,4327.18,21188.81,714.94,18268.6,0.2461,524.4,0.226,16773.4,57445.19,58.44,2206,507,26.2,Low,Profitable
146,7,32,2023-02,65757.76,28654.79,4385.94,19381.55,1357.37,11978.11,0.1822,288.6,0.28,18412.17,47345.59,51.78,1797,312,12.4,Low,Profitable
147,7,60,2023-03,44357.69,14895.59,4192.25,20340.9,1275.58,3653.37,0.0824,480.9,0.244,10823.28,33534.41,34.93,1591,487,23.2,Low,Break-Even
148,7,91,2023-04,86712.39,35122.86,4234.92,22226.29,1043.91,24084.41,0.2778,495.8,0.338,29308.79,57403.6,68.28,2095,261,25.6,Low,Highly-Profitable
149,7,121,2023-05,55704.79,21744.99,4352.11,20209.55,1568.49,7829.65,0.1406,501.1,0.286,15931.57,39773.22,43.86,1933,526,13.7,Low,Break-Even
150,7,152,2023-06,76417.96,33459.95,4372.81,18639.45,670.96,19274.79,0.2522,667.4,0.376,28733.15,47684.81,60.17,2380,453,19.2,Low,Profitable
151,7,182,2023-07,53294.74,17170.38,4015.07,19304.52,2062.47,10742.3,0.2016,280.6,0.305,16254.9,37039.84,41.96,1509,439,25.7,Low,Profitable
152,7,213,2023-08,35972.43,12625.54,4013.78,20163.68,1950.64,-2781.21,-0.0773,606.9,0.296,10647.84,25324.59,28.32,1390,522,23.7,Low,Loss-Making
153,7,244,2023-09,79589.61,27545.81,4353.22,18293.24,7.17,29390.17,0.3693,359.1,0.297,23638.11,55951.5,62.67,1445,551,29.6,Low,Highly-Profitable
154,7,274,2023-10,60329.81,21698.98,3870.73,19390.93,1323.23,14045.94,0.2328,612.7,0.255,15384.1,44945.71,47.5,2124,437,24.6,Low,Profitable
155,7,305,2023-11,47522.08,18848.17,4441.84,21630.1,1378.85,1223.12,0.0257,464.7,0.31,14731.84,32790.24,37.42,1390,429,19.8,Low,Break-Even
156,7,335,2023-12,48172.15,20356.82,4611.34,23241.72,1793.89,-1831.62,-0.038,851.2,0.375,18064.56,30107.59,37.93,1366,555,21.2,Low,Break-Even
157,7,366,2024-01,51802.46,17598.46,3797.06,22864.48,1016.46,6526.0,0.126,550.2,0.272,14090.27,37712.19,40.79,1513,399,18.4,Low,Break-Even
158,7,397,2024-02,57140.89,21882.87,4314.5,23866.39,503.25,6573.88,0.115,485.5,0.271,15485.18,41655.71,44.99,1553,335,31.7,Low,Break-Even
159,7,426,2024-03,46132.79,18471.65,4301.17,20209.57,18.62,3131.78,0.0679,297.5,0.323,14900.89,31231.9,36.33,1467,459,30.7,Low,Break-Even
160,7,457,2024-04,51957.94,18981.33,4045.17,20955.22,1321.0,6655.22,0.1281,608.3,0.202,10495.5,41462.44,40.91,2107,478,27.5,Low,Break-Even
161,7,487,2024-05,64192.26,24553.03,3783.4,20209.46,620.58,15025.79,0.2341,240.7,0.32,20541.52,43650.74,50.55,1418,455,23.1,Low,Profitable
162,7,518,2024-06,66377.14,24465.72,4019.33,19173.1,1224.26,17494.73,0.2636,534.5,0.235,15598.63,50778.51,52.27,1672,682,27.1,Low,Profitable
163,7,548,2024-07,76174.64,29331.3,4170.48,21717.97,1193.31,19761.58,0.2594,294.0,0.215,16377.55,59797.09,59.98,1175,668,23.4,Low,Profitable
164,7,579,2024-08,67257.05,28787.92,4308.42,19677.91,1418.04,13064.76,0.1943,578.0,0.14,9415.99,57841.06,52.96,1909,282,24.2,Low,Profitable
165,7,610,2024-09,62139.31,24627.68,4400.03,22748.27,1916.53,8446.8,0.1359,540.5,0.292,18144.68,43994.63,48.93,1729,415,14.9,Low,Profitable
166,7,640,2024-10,67064.34,27784.57,3938.09,22006.95,578.38,12756.35,0.1902,637.8,0.257,17235.54,49828.8,52.81,1280,643,23.5,Low,Profitable
167,7,671,2024-11,91150.8,36940.45,4240.33,20382.88,1413.38,28173.76,0.3091,472.0,0.253,23061.15,68089.65,71.77,2156,282,27.0,Low,Highly-Profitable
168,7,701,2024-12,66054.42,27486.64,4368.08,21451.74,981.1,11766.86,0.1781,475.3,0.304,20080.54,45973.88,52.01,1713,628,24.7,Low,Profitable
169,8,1,2023-01,68385.02,22662.3,4820.84,21391.81,1720.04,17790.03,0.2601,931.2,0.02,1367.7,67017.32,51.57,1215,351,24.2,Low,Profitable
170,8,32,2023-02,59691.97,23734.06,4257.42,18746.95,1025.88,11927.66,0.1998,524.5,0.122,7282.42,52409.55,45.02,2236,511,33.8,Low,Profitable
171,8,60,2023-03,62087.36,20635.05,4736.06,19925.66,1243.45,15547.14,0.2504,258.4,0.171,10616.94,51470.42,46.82,1285,572,22.4,Low,Profitable
172,8,91,2023-04,52613.03,22189.93,4758.04,20035.21,1808.25,3821.6,0.0726,330.4,0.181,9522.96,43090.07,39.68,1402,442,26.0,Low,Break-Even
173,8,121,2023-05,79779.84,29969.73,4552.87,19973.34,881.05,24402.85,0.3059,331.5,0.139,11089.4,68690.44,60.17,1215,190,26.7,Low,Highly-Profitable
174,8,152,2023-06,59330.99,25499.32,4954.52,20370.27,787.46,7719.42,0.1301,284.8,0.154,9136.97,50194.02,44.74,1823,589,19.1,Low,Break-Even
175,8,182,2023-07,86142.71,36866.3,5030.98,17297.26,1655.84,25292.33,0.2936,524.9,0.105,9044.98,77097.73,64.96,1755,344,26.3,Medium,Highly-Profitable
176,8,213,2023-08,46827.11,18725.22,4727.04,21809.97,2120.73,-555.85,-0.0119,530.9,0.193,9037.63,37789.48,35.31,2209,580,19.7,Low,Break-Even
177,8,244,2023-09,59632.56,19686.73,4703.44,20523.14,1224.23,13495.02,0.2263,253.6,0.04,2385.3,57247.26,44.97,1970,385,17.1,Low,Profitable
178,8,274,2023-10,72147.14,29177.14,5351.11,18461.43,1107.84,18049.62,0.2502,451.1,0.261,18830.4,53316.74,54.41,1988,587,15.6,Medium,Profitable
179,8,305,2023-11,67564.88,28064.43,5168.51,20786.37,956.35,12589.22,0.1863,337.4,0.096,6486.23,61078.65,50.95,781,489,22.9,Medium,Profitable
180,8,335,2023-12,70332.44,28632.98,5253.18,19143.69,1093.06,16209.53,0.2305,586.8,0.122,8580.56,61751.88,53.04,1613,643,23.7,Medium,Profitable
181,8,366,2024-01,89736.56,32166.55,4992.29,18801.97,875.19,32900.56,0.3666,434.9,0.16,14357.85,75378.71,67.67,2353,624,14.5,Low,Highly-Profitable
182,8,397,2024-02,72381.77,30594.82,5024.35,18690.58,1512.82,16559.2,0.2288,364.2,0.103,7455.32,64926.45,54.59,1421,564,30.1,Medium,Profitable
183,8,426,2024-03,27228.53,10515.8,4901.75,21057.72,1019.77,-10266.51,-0.377,360.9,0.054,1470.34,25758.19,20.53,2115,495,11.3,Low,Loss-Making
184,8,457,2024-04,68165.38,28147.56,4999.54,18069.08,1302.71,15646.49,0.2295,467.0,0.141,9611.32,58554.06,51.41,2393,218,27.4,Low,Profitable
185,8,487,2024-05,42366.62,13620.33,4668.89,21307.65,1046.67,1723.08,0.0407,556.7,0.08,3389.33,38977.29,31.95,2086,422,17.9,Low,Break-Even
186,8,518,2024-06,30353.55,11025.68,5069.25,20307.28,291.09,-6339.75,-0.2089,420.6,0.113,3429.95,26923.6,22.89,1018,147,18.6,Medium,Loss-Making
187,8,548,2024-07,51021.44,20488.52,4487.43,19985.7,1514.63,4545.16,0.0891,577.9,0.132,6734.83,44286.61,38.48,2060,411,30.9,Low,Break-Even
188,8,579,2024-08,70345.65,27934.53,4911.17,21554.22,1990.98,13954.75,0.1984,445.5,0.121,8511.82,61833.83,53.05,2036,337,33.5,Low,Profitable
189,8,610,2024-09,61879.24,25475.2,4781.49,18981.63,906.36,11734.56,0.1896,502.7,0.086,5321.61,56557.63,46.67,1981,307,9.0,Low,Profitable
190,8,640,2024-10,85292.69,36109.2,4815.07,19612.98,1484.33,23271.11,0.2728,601.0,0.184,15693.85,69598.84,64.32,1803,332,12.1,Low,Highly-Profitable
191,8,671,2024-11,76568.53,25624.72,4835.03,19614.54,917.79,25576.45,0.334,524.4,0.24,18376.45,58192.08,57.74,1413,262,13.6,Low,Highly-Profitable
192,8,701,2024-12,43052.16,17815.03,4781.43,23374.34,1443.95,-4362.59,-0.1013,314.4,0.126,5424.57,37627.59,32.47,1790,295,22.3,Low,Loss-Making
193,9,1,2023-01,62143.3,24034.85,6924.91,17809.58,1511.51,11862.45,0.1909,637.7,0.448,27840.2,34303.1,48.55,1892,381,35.1,Medium,Profitable
194,9,32,2023-02,55606.05,20472.68,6972.55,17799.65,1476.55,8884.62,0.1598,458.0,0.384,21352.72,34253.33,43.44,1993,322,16.5,Medium,Profitable
195,9,60,2023-03,75861.42,25867.05,7468.26,18267.48,875.05,23383.58,0.3082,452.8,0.415,31482.49,44378.93,59.27,1775,477,30.7,Medium,Highly-Profitable
196,9,91,2023-04,40441.16,15870.19,6471.15,15503.14,690.55,1906.13,0.0471,537.7,0.303,12253.67,28187.49,31.59,2391,350,16.1,Medium,Break-Even
197,9,121,2023-05,71775.07,30227.15,7207.85,13256.05,836.88,20247.14,0.2821,270.3,0.371,26628.55,45146.52,56.07,1612,385,25.8,Medium,Highly-Profitable
198,9,152,2023-06,40644.9,17033.62,6741.37,19099.66,1255.68,-3485.43,-0.0858,394.0,0.345,14022.49,26622.41,31.75,1301,362,22.2,Medium,Loss-Making
199,9,182,2023-07,88693.63,31235.7,6702.74,17231.5,1942.08,31581.61,0.3561,369.8,0.427,37872.18,50821.45,69.29,2125,509,9.5,Medium,Highly-Profitable
200,9,213,2023-08,87124.03,28864.18,7271.7,17966.58,1348.08,31673.49,0.3635,512.9,0.357,31103.28,56020.75,68.07,1886,250,27.8,Medium,Highly-Profitable
201,9,244,2023-09,76433.63,31408.12,7156.0,16284.76,1264.01,20320.74,0.2659,518.6,0.43,32866.46,43567.17,59.71,1463,398,29.4,Medium,Highly-Profitable
202,9,274,2023-10,66460.51,26348.11,6445.66,15642.24,915.42,17109.08,0.2574,353.1,0.298,19805.23,46655.28,51.92,1267,276,25.5,Medium,Profitable
203,9,305,2023-11,54802.66,18132.17,7424.1,18557.03,1371.05,9318.31,0.17,344.8,0.437,23948.76,30853.9,42.81,2199,464,24.7,Medium,Profitable
204,9,335,2023-12,69910.64,27820.57,6844.79,17491.24,545.24,17208.8,0.2462,634.2,0.459,32088.98,37821.66,54.62,1100,252,22.4,Medium,Profitable
205,9,366,2024-01,43698.04,17822.39,8123.49,14466.77,509.65,2775.74,0.0635,427.5,0.433,18921.25,24776.79,34.14,1573,281,22.4,Medium,Break-Even
206,9,397,2024-02,41023.78,15245.14,6790.43,15683.75,1062.41,2242.05,0.0547,539.2,0.468,19199.13,21824.65,32.05,1643,497,18.3,Medium,Break-Even
207,9,426,2024-03,68883.58,26563.49,7068.6,16860.08,1278.0,17113.41,0.2484,472.5,0.41,28242.27,40641.31,53.82,1938,322,20.6,Medium,Profitable
208,9,457,2024-04,72072.25,25682.89,6923.23,15146.04,938.78,23381.31,0.3244,307.0,0.385,27747.82,44324.43,56.31,1630,483,37.9,Medium,Highly-Profitable
209,9,487,2024-05,47074.08,19552.95,7194.29,16981.47,830.25,2515.12,0.0534,661.6,0.354,16664.22,30409.86,36.78,100,306,25.8,Medium,Break-Even
210,9,518,2024-06,89928.04,34103.23,7172.14,17038.69,1471.84,30142.14,0.3352,325.0,0.38,34172.66,55755.38,70.26,1836,376,12.1,Medium,Highly-Profitable
211,9,548,2024-07,101532.19,41910.88,7140.61,15615.98,1560.85,35303.87,0.3477,473.3,0.423,42948.12,58584.07,79.32,2012,248,24.1,Medium,Highly-Profitable
212,9,579,2024-08,82158.08,26701.36,7157.88,16150.36,809.43,31339.05,0.3814,174.0,0.342,28098.06,54060.02,64.19,1988,377,23.7,Medium,Highly-Profitable
213,9,610,2024-09,59544.06,22626.18,7664.88,16243.99,1813.63,11195.38,0.188,341.1,0.337,20066.35,39477.71,46.52,2319,540,18.3,Medium,Profitable
214,9,640,2024-10,55481.74,20323.07,6938.09,17405.25,876.41,9938.92,0.1791,423.2,0.409,22692.03,32789.71,43.35,1563,537,25.7,Medium,Profitable
215,9,671,2024-11,72681.24,25319.43,7629.62,17379.12,1815.93,20537.14,0.2826,246.5,0.395,28709.09,43972.15,56.78,2861,336,8.3,Medium,Highly-Profitable
216,9,701,2024-12,49281.95,19670.74,7111.95,14685.41,1435.9,6377.95,0.1294,394.6,0.46,22669.7,26612.25,38.5,2154,559,13.5,Medium,Break-Even
217,10,1,2023-01,87067.61,37172.08,3873.85,13447.72,1173.91,31400.05,0.3606,442.1,0.229,19938.48,67129.13,64.88,1831,422,23.3,Low,Highly-Profitable
218,10,32,2023-02,50213.59,19474.01,3919.01,13967.7,1026.94,11825.93,0.2355,624.9,0.149,7481.82,42731.77,37.42,2205,335,18.4,Low,Profitable
219,10,60,2023-03,54024.99,23261.43,3734.37,15403.78,1201.51,10423.9,0.1929,370.8,0.254,13722.35,40302.64,40.26,2451,449,21.5,Low,Profitable
220,10,91,2023-04,85595.52,31556.93,3806.98,12158.72,826.02,37246.87,0.4351,441.3,0.237,20286.14,65309.38,63.78,1647,548,24.5,Low,Highly-Profitable
221,10,121,2023-05,39795.39,15981.89,4057.67,14660.96,1612.45,3482.42,0.0875,531.1,0.159,6327.47,33467.92,29.65,1626,299,18.3,Low,Break-Even
222,10,152,2023-06,50530.47,17955.96,3951.08,14392.16,1542.22,12689.05,0.2511,431.4,0.213,10762.99,39767.48,37.65,1872,378,12.8,Low,Profitable
223,10,182,2023-07,58679.27,21391.28,3688.82,14760.87,1485.09,17353.21,0.2957,684.0,0.219,12850.76,45828.51,43.73,1532,787,35.2,Low,Profitable
224,10,213,2023-08,63365.38,21341.06,4100.65,14073.66,484.5,23365.51,0.3687,634.4,0.137,8681.06,54684.32,47.22,1798,396,27.3,Low,Highly-Profitable
225,10,244,2023-09,54811.83,23216.56,3868.49,13883.99,946.64,12896.15,0.2353,320.1,0.221,12113.41,42698.42,40.84,1681,397,16.5,Low,Profitable
226,10,274,2023-10,63978.97,21733.29,3594.48,13630.22,1700.28,23320.7,0.3645,278.1,0.235,15035.06,48943.91,47.67,2156,296,22.4,Low,Highly-Profitable
227,10,305,2023-11,44162.75,17043.92,3799.4,14681.37,1684.25,6953.81,0.1575,623.3,0.184,8125.95,36036.8,32.91,1483,418,19.6,Low,Break-Even
228,10,335,2023-12,68649.74,26023.83,3673.17,12230.73,1045.78,25676.23,0.374,285.2,0.195,13386.7,55263.04,51.15,1378,645,22.7,Low,Highly-Profitable
229,10,366,2024-01,52865.51,22482.5,4024.27,15922.65,1169.57,9266.52,0.1753,378.7,0.186,9832.98,43032.53,39.39,1709,699,31.1,Low,Profitable
230,10,397,2024-02,67765.16,23544.44,3788.55,13862.33,1155.37,25414.47,0.375,374.7,0.232,15721.52,52043.64,50.5,1545,473,22.6,Low,Highly-Profitable
231,10,426,2024-03,30823.28,10351.97,3374.93,12612.68,893.8,3589.9,0.1165,487.4,0.198,6103.01,24720.27,22.97,1958,567,34.8,Low,Break-Even
232,10,457,2024-04,51832.44,18926.83,4053.32,14125.79,756.56,13969.94,0.2695,637.6,0.209,10832.98,40999.46,38.62,2005,287,25.1,Low,Profitable
233,10,487,2024-05,61294.86,22780.89,3867.1,13263.77,1417.73,19965.37,0.3257,439.2,0.255,15630.19,45664.67,45.67,1748,385,20.6,Low,Profitable
234,10,518,2024-06,39629.41,15219.8,4100.06,15734.1,1064.76,3510.69,0.0886,762.3,0.127,5032.94,34596.47,29.53,1450,483,18.8,Low,Break-Even
235,10,548,2024-07,79687.27,28542.81,4121.35,15449.98,1422.08,30151.05,0.3784,445.6,0.236,18806.2,60881.07,59.38,2304,528,22.0,Low,Highly-Profitable
236,10,579,2024-08,79555.53,32795.67,4261.95,14566.23,1217.23,26714.45,0.3358,429.6,0.183,14558.66,64996.87,59.28,1656,379,13.3,Low,Highly-Profitable
237,10,610,2024-09,43851.23,14151.8,3879.94,12107.75,1246.17,12465.57,0.2843,366.0,0.125,5481.4,38369.83,32.68,1817,333,15.7,Low,Profitable
238,10,640,2024-10,70036.3,24393.26,4041.43,15509.78,1227.82,24864.01,0.355,209.6,0.17,11906.17,58130.13,52.19,1740,557,11.6,Low,Highly-Profitable
239,10,671,2024-11,57352.96,21222.8,3900.14,14746.62,1796.07,15687.33,0.2735,495.7,0.181,10380.89,46972.07,42.74,2362,486,16.8,Low,Profitable
240,10,701,2024-12,64770.53,26492.85,3992.58,13455.23,855.18,19974.69,0.3084,436.6,0.197,12759.79,52010.74,48.26,2366,504,31.5,Low,Profitable
241,11,1,2023-01,56202.41,21397.71,4460.46,14376.57,1630.19,14337.48,0.2551,695.6,0.52,29225.25,26977.16,66.28,1622,258,16.7,Low,Profitable
242,11,32,2023-02,67184.73,26726.01,4399.73,15489.9,1781.11,18787.98,0.2796,482.0,0.546,36682.86,30501.87,79.23,1210,458,24.5,Low,Profitable
243,11,60,2023-03,26553.74,10201.87,4649.4,15186.5,1058.95,-4542.98,-0.1711,429.1,0.65,17259.93,9293.81,31.31,1729,360,25.5,Low,Loss-Making
244,11,91,2023-04,34668.18,13751.44,3898.85,12633.89,766.62,3617.38,0.1043,283.7,0.567,19656.86,15011.32,40.88,2062,789,15.5,Low,Break-Even
245,11,121,2023-05,70358.12,26114.07,4338.67,12609.61,1371.33,25924.44,0.3685,486.7,0.511,35953.0,34405.12,82.97,1650,395,3.4,Low,Highly-Profitable
246,11,152,2023-06,38617.84,15132.42,3992.35,14468.42,997.1,4027.55,0.1043,518.0,0.564,21780.46,16837.38,45.54,1505,558,32.0,Low,Break-Even
247,11,182,2023-07,64863.98,24096.22,4737.81,13077.79,1414.94,21537.22,0.332,347.6,0.595,38594.07,26269.91,76.49,2613,399,33.6,Low,Highly-Profitable
248,11,213,2023-08,30299.54,11366.03,3909.09,12897.76,2071.23,55.43,0.0018,601.2,0.55,16664.75,13634.79,35.73,903,296,29.2,Low,Break-Even
249,11,244,2023-09,85176.35,29298.18,4335.27,13547.98,1312.46,36682.46,0.4307,497.7,0.531,45228.64,39947.71,100.44,2159,553,26.9,Low,Highly-Profitable
250,11,274,2023-10,92446.51,33613.86,4731.92,15881.73,1120.8,37098.2,0.4013,402.1,0.598,55283.01,37163.5,109.02,1583,362,17.8,Low,Highly-Profitable
251,11,305,2023-11,57997.85,24292.74,4209.34,12530.22,206.75,16758.8,0.289,441.2,0.605,35088.7,22909.15,68.39,1462,244,31.0,Low,Profitable
252,11,335,2023-12,33817.81,11920.93,4547.52,12916.53,862.77,3570.06,0.1056,586.8,0.517,17483.81,16334.0,39.88,1908,561,25.9,Low,Break-Even
253,11,366,2024-01,74111.35,25333.46,4537.01,17020.4,1248.15,25972.33,0.3505,466.7,0.578,42836.36,31274.99,87.4,2172,397,7.1,Low,Highly-Profitable
254,11,397,2024-02,79937.67,28341.51,4459.96,14216.1,1507.38,31412.72,0.393,636.7,0.501,40048.77,39888.9,94.27,1811,214,13.9,Low,Highly-Profitable
255,11,426,2024-03,63787.25,23883.47,4547.84,14577.78,1601.96,19176.2,0.3006,332.5,0.612,39037.8,24749.45,75.22,1006,272,26.1,Low,Profitable
256,11,457,2024-04,63485.76,27730.6,4389.37,14804.97,988.31,15572.51,0.2453,477.0,0.577,36631.28,26854.48,74.87,1311,112,13.7,Low,Profitable
257,11,487,2024-05,59651.79,22931.48,4171.4,14001.33,1438.43,17109.15,0.2868,626.2,0.51,30422.41,29229.38,70.34,1695,494,27.4,Low,Profitable
258,11,518,2024-06,74550.02,32426.18,4039.98,12972.16,1289.9,23821.8,0.3195,500.5,0.518,38616.91,35933.11,87.91,2048,487,9.1,Low,Highly-Profitable
259,11,548,2024-07,48185.27,15612.54,4072.92,15475.41,1474.22,11550.18,0.2397,557.6,0.591,28477.49,19707.78,56.82,1578,440,39.7,Low,Profitable
260,11,579,2024-08,64499.98,25419.02,4261.45,14868.81,1273.79,18676.91,0.2896,390.2,0.562,36248.99,28250.99,76.06,1695,650,23.4,Low,Profitable
261,11,610,2024-09,49862.71,20296.58,4388.14,12697.71,1576.15,10904.13,0.2187,496.7,0.547,27274.9,22587.81,58.8,1608,413,3.0,Low,Profitable
262,11,640,2024-10,38651.14,16939.76,4298.87,14528.8,1135.71,1748.0,0.0452,294.2,0.544,21026.22,17624.92,45.58,2297,691,15.7,Low,Break-Even
263,11,671,2024-11,53261.86,19709.7,3915.66,16559.56,1106.34,11970.6,0.2247,334.0,0.553,29453.81,23808.05,62.81,1744,532,23.2,Low,Profitable
264,11,701,2024-12,56919.51,19354.89,4241.64,14064.65,851.88,18406.45,0.3234,241.1,0.536,30508.86,26410.65,67.12,2392,285,23.2,Low,Profitable
265,12,1,2023-01,41741.24,15046.31,5190.15,11883.42,521.14,9100.22,0.218,650.9,0.482,20119.28,21621.96,31.01,1316,321,27.0,Medium,Profitable
266,12,32,2023-02,64348.39,26914.49,5286.18,11943.59,1421.78,18782.35,0.2919,682.0,0.558,35906.4,28441.99,47.81,1547,372,19.9,Medium,Profitable
267,12,60,2023-03,72970.32,25621.76,5234.65,11374.02,1187.79,29552.1,0.405,505.7,0.399,29115.16,43855.16,54.21,1464,272,22.4,Medium,Highly-Profitable
268,12,91,2023-04,63834.55,24988.48,5110.32,11481.24,912.61,21341.9,0.3343,530.1,0.429,27385.02,36449.53,47.43,1851,126,31.5,Medium,Highly-Profitable
269,12,121,2023-05,27348.09,9773.42,5390.71,11808.41,1461.55,-1086.0,-0.0397,375.6,0.493,13482.61,13865.48,20.32,2156,473,22.7,Medium,Break-Even
270,12,152,2023-06,60243.34,25577.36,5044.3,13108.36,1606.32,14907.0,0.2474,669.3,0.525,31627.75,28615.59,44.76,1821,423,29.7,Medium,Profitable
271,12,182,2023-07,53839.36,21525.47,5312.55,11271.64,1084.06,14645.64,0.272,463.5,0.464,24981.46,28857.9,40.0,1826,521,32.4,Medium,Profitable
272,12,213,2023-08,49949.41,20619.18,5119.22,12432.55,1113.42,10665.04,0.2135,544.4,0.425,21228.5,28720.91,37.11,1504,481,28.1,Medium,Profitable
273,12,244,2023-09,40264.81,16979.77,4926.49,9932.99,1337.5,7088.06,0.176,529.5,0.464,18682.87,21581.94,29.91,1651,206,27.6,Low,Break-Even
274,12,274,2023-10,54810.14,20716.03,4956.72,13302.4,748.53,15086.46,0.2752,441.0,0.438,24006.84,30803.3,40.72,1755,366,31.6,Low,Profitable
275,12,305,2023-11,65298.06,25190.76,5292.55,13161.53,1745.83,19907.39,0.3049,245.6,0.487,31800.16,33497.9,48.51,2021,220,25.4,Medium,Profitable
276,12,335,2023-12,44336.29,19172.84,5048.35,13187.06,1387.16,5540.88,0.125,502.5,0.364,16138.41,28197.88,32.94,2352,436,27.8,Medium,Break-Even
277,12,366,2024-01,61799.42,26479.18,5368.44,11736.02,1200.19,17015.59,0.2753,478.5,0.362,22371.39,39428.03,45.91,1821,429,21.1,Medium,Profitable
278,12,397,2024-02,54909.29,20597.42,5236.19,12269.92,1244.1,15561.66,0.2834,603.1,0.506,27784.1,27125.19,40.79,1198,465,28.9,Medium,Profitable
279,12,426,2024-03,67624.84,24079.18,4975.45,12892.95,436.48,25240.78,0.3732,290.4,0.473,31986.55,35638.29,50.24,1939,300,31.5,Low,Highly-Profitable
280,12,457,2024-04,58307.38,20123.68,5024.23,13677.59,1302.85,18179.03,0.3118,581.2,0.438,25538.63,32768.75,43.32,1989,426,22.2,Medium,Profitable
281,12,487,2024-05,64909.82,23737.69,5174.66,13149.63,779.81,22068.03,0.34,637.0,0.441,28625.23,36284.59,48.22,2111,385,28.9,Medium,Highly-Profitable
282,12,518,2024-06,49498.15,21483.07,4815.75,12011.0,995.55,10192.78,0.2059,652.8,0.505,24996.57,24501.58,36.77,1998,424,15.8,Low,Profitable
283,12,548,2024-07,65287.25,26697.77,5211.54,12345.92,1086.85,19945.17,0.3055,639.2,0.363,23699.27,41587.98,48.5,1616,475,7.7,Medium,Profitable
284,12,579,2024-08,63021.74,25896.05,5127.53,13259.96,1267.52,17470.68,0.2772,414.7,0.547,34472.89,28548.85,46.82,1241,411,29.3,Medium,Profitable
285,12,610,2024-09,36365.66,12798.88,4912.18,13466.94,1921.67,3265.99,0.0898,147.6,0.454,16510.01,19855.65,27.02,1750,451,10.9,Low,Break-Even
286,12,640,2024-10,73422.92,29611.39,5463.92,12678.36,1616.81,24052.44,0.3276,366.5,0.461,33847.97,39574.95,54.55,2092,546,15.1,Medium,Highly-Profitable
287,12,671,2024-11,55213.6,22262.75,5643.0,11586.32,1474.88,14246.65,0.258,571.1,0.399,22030.23,33183.37,41.02,1659,272,16.4,Medium,Profitable
288,12,701,2024-12,86494.87,36812.9,4715.72,11703.77,2049.5,31212.98,0.3609,519.5,0.38,32868.05,53626.82,64.26,3039,259,22.2,Low,Highly-Profitable
289,13,1,2023-01,56178.58,21137.01,8929.96,14738.35,990.8,10382.46,0.1848,556.8,0.235,13201.97,42976.61,50.84,1655,383,11.1,Medium,Profitable
290,13,32,2023-02,35307.6,13148.88,8863.75,15188.66,1300.45,-3194.14,-0.0905,410.7,0.31,10945.36,24362.24,31.95,805,579,37.2,Medium,Loss-Making
291,13,60,2023-03,55771.8,22276.04,8508.63,14438.78,433.05,10115.3,0.1814,890.9,0.312,17400.8,38371.0,50.47,1599,495,31.8,Medium,Profitable
292,13,91,2023-04,57737.94,18739.85,8537.85,13098.6,503.0,16858.64,0.292,469.6,0.207,11951.75,45786.19,52.25,2075,715,32.1,Medium,Profitable
293,13,121,2023-05,41234.86,15382.1,8430.76,14212.32,1094.67,2115.01,0.0513,327.5,0.353,14555.91,26678.95,37.32,2592,504,28.1,Medium,Break-Even
294,13,152,2023-06,60789.95,20697.62,8921.63,12535.19,1449.65,17185.86,0.2827,478.9,0.214,13009.05,47780.9,55.01,1574,399,20.8,Medium,Profitable
295,13,182,2023-07,57123.57,21720.49,8379.37,12947.06,865.8,13210.85,0.2313,622.9,0.242,13823.9,43299.67,51.7,1617,359,17.1,Medium,Profitable
296,13,213,2023-08,79369.9,28381.53,8550.89,14326.34,2037.86,26073.28,0.3285,606.6,0.226,17937.6,61432.3,71.83,1748,445,19.2,Medium,Highly-Profitable
297,13,244,2023-09,56902.15,19143.41,9054.53,11823.47,1269.72,15611.02,0.2743,414.4,0.262,14908.36,41993.79,51.5,1668,347,22.4,Medium,Profitable
298,13,274,2023-10,62224.35,24538.73,9202.04,14342.63,1192.9,12948.05,0.2081,430.5,0.281,17485.04,44739.31,56.31,1484,411,16.2,Medium,Profitable
299,13,305,2023-11,67354.92,23685.94,9793.71,14427.01,1184.34,18263.92,0.2712,395.8,0.313,21082.09,46272.83,60.95,2456,509,22.1,Medium,Profitable
300,13,335,2023-12,76364.72,26631.2,9494.22,15028.57,568.79,24641.94,0.3227,515.6,0.255,19473.0,56891.72,69.11,1426,193,8.4,Medium,Highly-Profitable
301,13,366,2024-01,75317.79,25186.24,8715.24,12052.12,1294.77,28069.42,0.3727,648.6,0.283,21314.93,54002.86,68.16,1921,502,23.6,Medium,Highly-Profitable
302,13,397,2024-02,29485.97,9677.4,9681.24,13748.22,908.09,-4528.98,-0.1536,764.0,0.295,8698.36,20787.61,26.68,2217,585,28.1,Medium,Loss-Making
303,13,426,2024-03,69805.39,28628.27,9508.54,13322.61,483.79,17862.18,0.2559,482.2,0.271,18917.26,50888.13,63.17,1726,332,13.7,Medium,Profitable
304,13,457,2024-04,51782.08,21351.25,9189.98,13292.72,1407.09,6541.04,0.1263,424.9,0.226,11702.75,40079.33,46.86,2255,410,25.4,Medium,Break-Even
305,13,487,2024-05,41549.1,14095.41,9130.11,13684.89,1941.24,2697.45,0.0649,437.0,0.299,12423.18,29125.92,37.6,2087,580,31.9,Medium,Break-Even
306,13,518,2024-06,69603.47,27282.57,9545.76,13455.1,901.07,18418.97,0.2646,529.3,0.291,20254.61,49348.86,62.99,2007,355,18.1,Medium,Profitable
307,13,548,2024-07,82551.14,34744.01,8751.66,14833.67,549.66,23672.14,0.2868,437.4,0.271,22371.36,60179.78,74.71,1495,288,22.7,Medium,Highly-Profitable
308,13,579,2024-08,95515.17,31718.76,8944.62,12965.84,1520.3,40365.65,0.4226,466.6,0.304,29036.61,66478.56,86.44,877,561,22.7,Medium,Highly-Profitable
309,13,610,2024-09,73320.16,30297.57,8786.49,14472.53,796.21,18967.36,0.2587,545.1,0.295,21629.45,51690.71,66.35,1761,463,21.3,Medium,Profitable
310,13,640,2024-10,38386.37,13037.9,9493.95,14343.01,406.3,1105.21,0.0288,365.4,0.336,12897.82,25488.55,34.74,1782,550,23.2,Medium,Break-Even
311,13,671,2024-11,66486.58,22973.33,9059.76,13878.51,569.06,20005.92,0.3009,730.6,0.244,16222.73,50263.85,60.17,1481,611,12.8,Medium,Highly-Profitable
312,13,701,2024-12,46466.24,17510.26,9124.21,13626.3,890.47,5315.0,0.1144,506.2,0.245,11384.23,35082.01,42.05,1892,10,28.1,Medium,Break-Even
313,14,1,2023-01,76421.59,32839.53,8959.48,14396.23,1318.7,18907.65,0.2474,508.3,0.206,15742.85,60678.74,57.12,977,305,33.7,Medium,Profitable
314,14,32,2023-02,48448.33,17317.21,9651.09,13501.33,1745.64,6233.06,0.1287,571.4,0.058,2810.0,45638.33,36.21,1866,464,22.0,Medium,Break-Even
315,14,60,2023-03,78522.51,30131.03,8832.09,12990.1,1702.57,24866.72,0.3167,431.4,0.083,6517.37,72005.14,58.69,1972,546,18.3,Medium,Highly-Profitable
316,14,91,2023-04,41040.47,17734.86,9100.57,12738.88,1268.77,197.39,0.0048,492.8,0.188,7715.61,33324.86,30.67,1459,523,18.9,Medium,Break-Even
317,14,121,2023-05,57469.05,24168.14,9492.96,13599.19,1228.15,8980.61,0.1563,781.9,0.047,2701.05,54768.0,42.95,1265,434,10.5,Medium,Profitable
318,14,152,2023-06,53253.41,17498.64,10308.11,13887.95,1001.89,10556.82,0.1982,558.4,0.179,9532.36,43721.05,39.8,1419,442,24.8,High,Profitable
319,14,182,2023-07,63086.58,22089.7,9099.74,14235.5,1478.98,16182.66,0.2565,378.1,0.19,11986.45,51100.13,47.15,1528,591,12.6,Medium,Profitable
320,14,213,2023-08,32705.18,14245.4,9252.13,11760.47,710.26,-3263.08,-0.0998,294.6,0.173,5658.0,27047.18,24.44,2135,185,10.1,Medium,Loss-Making
321,14,244,2023-09,54189.65,18580.26,9493.61,12865.01,1538.72,11712.05,0.2161,625.3,0.088,4768.69,49420.96,40.5,1976,477,17.0,Medium,Profitable
322,14,274,2023-10,68036.1,26363.24,8842.79,14795.89,1603.75,16430.43,0.2415,427.1,0.055,3741.99,64294.11,50.85,1586,534,31.5,Medium,Profitable
323,14,305,2023-11,70845.8,24665.82,9272.43,12846.55,2273.56,21787.44,0.3075,431.7,0.181,12823.09,58022.71,52.95,960,115,26.2,Medium,Highly-Profitable
324,14,335,2023-12,78238.93,31757.98,8286.91,15493.52,1125.37,21575.15,0.2758,516.9,0.127,9936.34,68302.59,58.47,1864,199,30.9,Medium,Highly-Profitable
325,14,366,2024-01,65139.44,23697.47,9171.62,13361.66,1084.87,17823.82,0.2736,412.3,0.218,14200.4,50939.04,48.68,1720,323,14.5,Medium,Profitable
326,14,397,2024-02,61857.87,26238.37,8701.79,13126.46,981.51,12809.74,0.2071,274.4,0.176,10886.99,50970.88,46.23,2112,559,34.0,Medium,Profitable
327,14,426,2024-03,81387.26,31012.03,9050.83,13103.02,714.27,27507.11,0.338,337.9,0.152,12370.86,69016.4,60.83,1954,487,19.3,Medium,Highly-Profitable
328,14,457,2024-04,84097.16,33415.98,9625.42,13305.25,1120.95,26629.56,0.3167,295.0,0.178,14969.29,69127.87,62.85,1532,535,11.5,Medium,Highly-Profitable
329,14,487,2024-05,46791.66,16981.71,9292.55,13070.93,1118.41,6328.06,0.1352,482.2,0.129,6036.12,40755.54,34.97,701,597,34.4,Medium,Break-Even
330,14,518,2024-06,59425.12,25547.97,8475.84,13190.49,1161.06,11049.76,0.1859,426.6,0.156,9270.32,50154.8,44.41,1244,290,19.5,Medium,Profitable
331,14,548,2024-07,30911.97,12258.7,8760.72,11969.79,1536.32,-3613.56,-0.1169,791.0,0.132,4080.38,26831.59,23.1,2123,511,26.9,Medium,Loss-Making
332,14,579,2024-08,99382.59,38442.33,8407.61,12114.51,551.69,39866.45,0.4011,353.8,0.056,5565.43,93817.16,74.28,1821,93,26.0,Medium,Highly-Profitable
333,14,610,2024-09,53358.53,23385.24,9990.28,15047.28,677.11,4258.62,0.0798,561.5,0.166,8857.52,44501.01,39.88,2933,646,25.6,Medium,Break-Even
334,14,640,2024-10,60791.96,24766.58,8623.87,14539.5,1017.46,11844.55,0.1948,397.2,0.145,8814.83,51977.13,45.43,2038,431,23.3,Medium,Profitable
335,14,671,2024-11,83748.09,32139.0,9247.26,12331.44,584.17,29446.22,0.3516,544.5,0.09,7537.33,76210.76,62.59,1803,493,23.4,Medium,Highly-Profitable
336,14,701,2024-12,33539.97,12388.46,9743.07,11942.13,0.0,-533.69,-0.0159,369.7,0.161,5399.94,28140.03,25.07,1588,590,31.4,Medium,Break-Even
337,15,1,2023-01,59104.33,21282.25,13750.14,12107.62,1215.5,10748.82,0.1819,257.6,0.276,16312.8,42791.53,40.48,2321,540,24.6,High,Profitable
338,15,32,2023-02,66419.8,29051.32,14379.12,13455.57,520.85,9012.94,0.1357,683.8,0.294,19527.42,46892.38,45.49,2057,563,26.3,High,Profitable
339,15,60,2023-03,41915.93,13769.72,14325.17,13846.18,1238.3,-1263.44,-0.0301,222.3,0.441,18484.93,23431.0,28.71,2091,436,11.7,High,Break-Even
340,15,91,2023-04,47271.47,15933.94,15421.33,10084.75,1263.57,4567.88,0.0966,470.4,0.244,11534.24,35737.23,32.38,2250,257,21.9,High,Break-Even
341,15,121,2023-05,65327.42,25797.15,13792.49,12349.01,813.88,12574.89,0.1925,386.0,0.401,26196.3,39131.12,44.74,2175,689,20.7,High,Profitable
342,15,152,2023-06,87738.47,30558.02,14580.5,12665.25,1644.61,28290.09,0.3224,289.9,0.334,29304.65,58433.82,60.09,1583,237,22.3,High,Highly-Profitable
343,15,182,2023-07,58779.15,22895.88,15131.83,10438.55,1604.19,8708.7,0.1482,593.6,0.234,13754.32,45024.83,40.26,1220,372,39.1,High,Profitable
344,15,213,2023-08,60893.46,26122.91,13461.33,11403.25,1375.87,8530.1,0.1401,528.9,0.231,14066.39,46827.07,41.71,1357,425,27.2,High,Profitable
345,15,244,2023-09,60008.08,22837.41,15248.34,9931.4,1677.52,10313.41,0.1719,441.7,0.225,13501.82,46506.26,41.1,1475,363,24.8,High,Profitable
346,15,274,2023-10,60648.81,22152.66,13426.61,11353.54,1373.95,12342.05,0.2035,653.8,0.36,21833.57,38815.24,41.54,2702,409,25.7,High,Profitable
347,15,305,2023-11,72312.15,31670.19,14736.17,14653.88,1144.17,10107.74,0.1398,321.2,0.292,21115.15,51197.0,49.53,1692,384,20.3,High,Profitable
348,15,335,2023-12,68078.63,22334.14,13628.64,11555.94,757.24,19802.67,0.2909,489.8,0.362,24644.46,43434.17,46.63,1511,586,17.3,High,Profitable
349,15,366,2024-01,70429.33,25460.74,14524.75,13196.69,878.91,16368.24,0.2324,519.7,0.317,22326.1,48103.23,48.24,1863,281,16.9,High,Profitable
350,15,397,2024-02,44887.73,17381.25,13967.07,11805.56,704.91,1028.94,0.0229,677.8,0.285,12793.0,32094.73,30.75,1587,196,29.9,High,Break-Even
351,15,426,2024-03,75614.51,24876.62,14970.72,12907.22,698.77,22161.18,0.2931,493.0,0.309,23364.88,52249.63,51.79,2407,228,11.9,High,Highly-Profitable
352,15,457,2024-04,65558.47,21965.98,15414.3,11786.82,885.24,15506.13,0.2365,404.1,0.344,22552.11,43006.36,44.9,1528,346,31.8,High,Profitable
353,15,487,2024-05,72275.58,23379.97,15595.73,12512.86,931.67,19855.35,0.2747,608.5,0.321,23200.46,49075.12,49.5,1418,453,13.1,High,Profitable
354,15,518,2024-06,83435.44,32087.96,14825.49,12291.07,1754.27,22476.65,0.2694,476.4,0.299,24947.2,58488.24,57.15,2174,700,28.4,High,Highly-Profitable
355,15,548,2024-07,70355.78,30591.69,13347.12,11295.78,1168.8,13952.39,0.1983,276.2,0.388,27298.04,43057.74,48.19,1773,167,21.1,High,Profitable
356,15,579,2024-08,43259.62,17793.05,13048.03,10982.46,1492.83,-56.75,-0.0013,468.0,0.299,12934.63,30324.99,29.63,1820,424,17.1,High,Break-Even
357,15,610,2024-09,82556.9,28651.08,14016.6,12484.95,1521.69,25882.58,0.3135,541.7,0.342,28234.46,54322.44,56.55,1836,432,21.2,High,Highly-Profitable
358,15,640,2024-10,79726.18,28649.06,13679.54,11421.66,1619.53,24356.39,0.3055,620.7,0.269,21446.34,58279.84,54.61,1891,400,20.2,High,Highly-Profitable
359,15,671,2024-11,63364.9,20942.65,14213.7,10983.66,1770.24,15454.65,0.2439,602.4,0.401,25409.32,37955.58,43.4,1971,501,16.8,High,Profitable
360,15,701,2024-12,56677.87,20426.85,13779.51,12378.44,1072.22,9020.85,0.1592,412.8,0.311,17626.82,39051.05,38.82,1598,232,25.5,High,Profitable
361,16,1,2023-01,55808.35,22928.7,9405.66,12750.56,1050.25,9673.18,0.1733,479.6,0.268,14956.64,40851.71,34.09,1799,397,33.7,Medium,Profitable
362,16,32,2023-02,72603.17,29307.21,9171.01,12322.35,1359.7,20442.9,0.2816,390.8,0.259,18804.22,53798.95,44.35,1915,240,26.3,Medium,Highly-Profitable
363,16,60,2023-03,55190.06,20745.16,8832.82,13076.94,849.36,11685.78,0.2117,730.4,0.315,17384.87,37805.19,33.71,2060,331,18.6,Medium,Profitable
364,16,91,2023-04,38562.27,14691.81,8884.25,13344.79,1425.06,216.36,0.0056,525.5,0.297,11452.99,27109.28,23.56,1996,428,23.7,Medium,Break-Even
365,16,121,2023-05,60239.38,22482.32,9388.11,13205.73,1721.45,13441.77,0.2231,490.5,0.298,17951.34,42288.04,36.8,1974,554,26.1,Medium,Profitable
366,16,152,2023-06,66222.17,26342.83,8520.94,15425.26,1544.94,14388.2,0.2173,558.8,0.292,19336.87,46885.3,40.45,1542,555,31.7,Medium,Profitable
367,16,182,2023-07,83544.59,28708.84,9256.26,15494.93,1286.53,28798.03,0.3447,350.9,0.193,16124.11,67420.48,51.04,1343,440,28.4,Medium,Highly-Profitable
368,16,213,2023-08,56819.87,19269.63,8946.98,15563.16,1234.74,11805.36,0.2078,449.8,0.243,13807.23,43012.64,34.71,1722,410,17.9,Medium,Profitable
369,16,244,2023-09,73912.62,32295.8,8874.15,13264.8,1153.64,18324.23,0.2479,335.4,0.347,25647.68,48264.94,45.15,2353,362,18.4,Medium,Profitable
370,16,274,2023-10,69524.75,26305.35,9531.67,16813.06,1918.11,14956.56,0.2151,610.9,0.35,24333.66,45191.09,42.47,1773,417,14.3,Medium,Profitable
371,16,305,2023-11,53026.72,20736.56,9371.03,13836.74,1075.89,8006.5,0.151,525.4,0.318,16862.5,36164.22,32.39,2209,245,23.0,Medium,Profitable
372,16,335,2023-12,79323.93,32097.71,10030.06,13891.4,1541.13,21763.63,0.2744,474.4,0.207,16420.05,62903.88,48.46,1694,570,26.9,High,Highly-Profitable
373,16,366,2024-01,51233.08,20894.67,8679.2,15041.36,1444.69,5173.16,0.101,298.1,0.206,10554.01,40679.07,31.3,1720,537,10.4,Medium,Break-Even
374,16,397,2024-02,68459.44,26473.88,9061.74,14239.51,1229.28,17455.03,0.255,911.4,0.197,13486.51,54972.93,41.82,2320,442,17.6,Medium,Profitable
375,16,426,2024-03,64859.67,26116.56,9039.37,15316.33,982.65,13404.76,0.2067,625.4,0.33,21403.69,43455.98,39.62,2168,438,17.9,Medium,Profitable
376,16,457,2024-04,88917.53,39114.9,8834.88,14625.17,855.76,25486.82,0.2866,719.7,0.285,25341.5,63576.03,54.32,1569,398,25.4,Medium,Highly-Profitable
377,16,487,2024-05,63491.13,25369.29,9342.32,11662.03,1412.61,15704.88,0.2474,113.7,0.313,19872.72,43618.41,38.79,1569,527,26.6,Medium,Profitable
378,16,518,2024-06,64932.4,22189.27,9286.25,13562.45,1114.32,18780.11,0.2892,363.8,0.23,14934.45,49997.95,39.67,2196,530,19.3,Medium,Profitable
379,16,548,2024-07,43300.69,14940.49,8862.12,15480.15,1239.39,2778.54,0.0642,563.5,0.262,11344.78,31955.91,26.45,1649,347,21.5,Medium,Break-Even
380,16,579,2024-08,41459.39,16053.87,8810.96,11808.27,776.95,4009.34,0.0967,442.2,0.499,20688.24,20771.15,25.33,2280,138,21.1,Medium,Break-Even
381,16,610,2024-09,36843.99,15382.38,8834.53,15953.07,1647.76,-4973.75,-0.135,535.8,0.266,9800.5,27043.49,22.51,1841,304,7.6,Medium,Loss-Making
382,16,640,2024-10,83710.02,35316.34,9112.67,13353.38,1099.42,24828.21,0.2966,638.9,0.314,26284.95,57425.07,51.14,1691,326,24.0,Medium,Highly-Profitable
383,16,671,2024-11,63761.58,25812.6,7819.8,13226.92,1182.44,15719.82,0.2465,522.9,0.237,15111.49,48650.09,38.95,1337,350,18.6,Medium,Profitable
384,16,701,2024-12,91780.38,30962.24,9349.86,12279.24,1836.49,37352.55,0.407,383.2,0.273,25056.04,66724.34,56.07,1588,310,14.7,Medium,Highly-Profitable
385,17,1,2023-01,79992.58,29317.76,4360.38,25303.57,766.19,20244.68,0.2531,197.8,0.551,44075.91,35916.67,45.55,1275,434,26.0,Low,Highly-Profitable
386,17,32,2023-02,54434.36,20495.86,4265.9,20984.31,879.76,7808.53,0.1434,700.1,0.539,29340.12,25094.24,31.0,2500,272,14.2,Low,Break-Even
387,17,60,2023-03,30030.86,9732.86,4828.71,21912.8,1254.08,-7697.59,-0.2563,310.5,0.571,17147.62,12883.24,17.1,1744,242,27.1,Low,Loss-Making
388,17,91,2023-04,60481.68,21347.84,4507.13,21211.25,1218.37,12197.09,0.2017,646.1,0.514,31087.58,29394.1,34.44,1202,628,24.5,Low,Profitable
389,17,121,2023-05,72918.45,25437.29,4486.85,19576.14,1234.38,22183.79,0.3042,632.7,0.461,33615.41,39303.04,41.53,2196,445,15.1,Low,Highly-Profitable
390,17,152,2023-06,65031.02,24767.92,4140.8,22516.73,862.38,12743.19,0.196,605.0,0.565,36742.53,28288.49,37.03,1354,271,24.4,Low,Profitable
391,17,182,2023-07,41542.35,14705.02,4540.56,21749.94,1334.41,-787.58,-0.019,254.6,0.526,21851.28,19691.07,23.66,1393,552,23.1,Low,Break-Even
392,17,213,2023-08,73267.93,23467.25,4370.66,23359.35,1296.77,20773.9,0.2835,654.2,0.485,35534.95,37732.98,41.72,2284,292,23.8,Low,Highly-Profitable
393,17,244,2023-09,74262.12,27384.22,4970.31,21568.83,1186.29,19152.47,0.2579,335.1,0.661,49087.26,25174.86,42.29,1826,488,26.8,Low,Profitable
394,17,274,2023-10,49664.04,18830.72,4500.67,21229.9,1578.15,3524.6,0.071,481.8,0.483,23987.73,25676.31,28.28,1700,395,28.1,Low,Break-Even
395,17,305,2023-11,55000.8,18679.54,4263.48,24898.07,492.65,6667.06,0.1212,542.0,0.543,29865.43,25135.37,31.32,1770,422,21.9,Low,Break-Even
396,17,335,2023-12,54822.96,19802.04,3970.01,23317.4,1805.09,5928.42,0.1081,557.3,0.532,29165.81,25657.15,31.22,1600,444,14.9,Low,Break-Even
397,17,366,2024-01,61091.78,25534.24,4073.9,21192.72,933.45,9357.47,0.1532,563.1,0.665,40626.03,20465.75,34.79,1667,661,29.6,Low,Profitable
398,17,397,2024-02,52566.7,19242.83,4833.91,24069.92,1192.61,3227.43,0.0614,540.8,0.574,30173.29,22393.41,29.94,2168,332,15.6,Low,Break-Even
399,17,426,2024-03,61842.67,27071.83,4903.8,22758.68,867.01,6241.35,0.1009,233.8,0.526,32529.24,29313.43,35.22,1621,585,9.2,Low,Break-Even
400,17,457,2024-04,39928.16,15234.79,4848.25,22653.99,755.78,-3564.65,-0.0893,432.6,0.538,21481.35,18446.81,22.74,1489,256,20.8,Low,Loss-Making
401,17,487,2024-05,52780.4,19145.22,4491.29,22624.08,1222.2,5297.61,0.1004,674.8,0.544,28712.54,24067.86,30.06,2398,515,31.8,Low,Break-Even
402,17,518,2024-06,104215.65,42902.66,4844.25,21691.91,1642.52,33134.31,0.3179,531.4,0.592,61695.66,42519.99,59.35,2086,570,25.4,Low,Highly-Profitable
403,17,548,2024-07,77758.37,27583.65,4593.73,21415.62,634.08,23531.29,0.3026,579.0,0.557,43311.41,34446.96,44.28,1705,453,41.3,Low,Highly-Profitable
404,17,579,2024-08,65255.97,25639.69,4627.86,22310.25,951.1,11727.07,0.1797,211.4,0.51,33280.54,31975.43,37.16,1597,153,25.5,Low,Profitable
405,17,610,2024-09,68776.81,29666.17,4489.16,22504.35,1181.02,10936.11,0.159,550.2,0.567,38996.45,29780.36,39.17,1477,622,26.3,Low,Profitable
406,17,640,2024-10,45171.31,18026.08,4817.07,20301.41,233.5,1793.25,0.0397,737.6,0.487,21998.43,23172.88,25.72,1337,500,21.3,Low,Break-Even
407,17,671,2024-11,98594.77,38822.39,4609.27,21571.36,1618.28,31973.47,0.3243,377.9,0.45,44367.65,54227.12,56.15,1915,201,22.0,Low,Highly-Profitable
408,17,701,2024-12,35634.26,11478.36,4472.14,21913.06,1318.17,-3547.47,-0.0996,584.8,0.537,19135.6,16498.66,20.29,1354,216,32.9,Low,Loss-Making
409,18,1,2023-01,48361.29,15559.59,4883.72,23569.84,604.45,3743.69,0.0774,343.0,0.473,22874.89,25486.4,41.12,2569,456,32.0,Low,Break-Even
410,18,32,2023-02,57873.22,20038.84,4626.21,23714.69,705.31,8788.17,0.1519,560.7,0.504,29168.1,28705.12,49.21,1536,345,27.3,Low,Profitable
411,18,60,2023-03,54516.48,18400.53,5197.6,25054.49,902.08,4961.78,0.091,682.2,0.445,24259.83,30256.65,46.36,1834,393,11.5,Medium,Break-Even
412,18,91,2023-04,25551.61,11110.42,4311.28,24537.09,841.61,-15248.79,-0.5968,449.2,0.507,12954.67,12596.94,21.73,2170,452,25.7,Low,Structural-Loss
413,18,121,2023-05,73024.08,29569.08,5056.32,24975.96,616.23,12806.49,0.1754,487.4,0.476,34759.46,38264.62,62.1,1882,307,25.6,Medium,Profitable
414,18,152,2023-06,47484.93,19293.84,4963.22,27898.62,1123.26,-5794.01,-0.122,510.2,0.41,19468.82,28016.11,40.38,2098,236,14.9,Low,Loss-Making
415,18,182,2023-07,83564.78,30211.61,4868.39,25241.74,759.07,22483.97,0.2691,356.8,0.507,42367.34,41197.44,71.06,2756,605,16.9,Low,Highly-Profitable
416,18,213,2023-08,68921.52,28956.56,4788.47,27114.94,1269.58,6791.97,0.0985,577.3,0.468,32255.27,36666.25,58.61,2126,273,19.6,Low,Break-Even
417,18,244,2023-09,61861.58,25419.06,5140.6,24391.37,1069.51,5841.04,0.0944,527.0,0.438,27095.37,34766.21,52.6,1095,393,25.5,Medium,Break-Even
418,18,274,2023-10,72772.12,25855.87,4634.08,24444.08,1262.16,16575.93,0.2278,466.0,0.47,34202.9,38569.22,61.88,1478,404,9.7,Low,Profitable
419,18,305,2023-11,65844.52,25294.91,4770.7,25484.68,1295.35,8998.88,0.1367,656.8,0.445,29300.81,36543.71,55.99,1121,567,22.8,Low,Profitable
420,18,335,2023-12,50511.78,17275.64,4980.01,23822.36,2152.17,2281.6,0.0452,376.9,0.466,23538.49,26973.29,42.95,1642,237,15.1,Low,Break-Even
421,18,366,2024-01,37225.93,15755.75,4716.54,24760.95,712.84,-8720.15,-0.2342,259.7,0.446,16602.76,20623.17,31.65,1420,315,28.6,Low,Loss-Making
422,18,397,2024-02,53236.45,22289.91,4421.98,23656.47,1350.08,1518.01,0.0285,434.1,0.465,24754.95,28481.5,45.27,1871,374,7.7,Low,Break-Even
423,18,426,2024-03,28611.07,9475.22,5063.65,26677.77,1341.64,-13947.21,-0.4875,562.4,0.473,13533.04,15078.03,24.33,1500,378,29.0,Medium,Loss-Making
424,18,457,2024-04,76364.3,31389.06,4615.25,27565.01,918.2,11876.78,0.1555,755.1,0.49,37418.51,38945.79,64.94,1965,419,14.0,Low,Profitable
425,18,487,2024-05,70024.91,24118.0,4368.94,24498.52,1053.64,15985.81,0.2283,484.4,0.443,31021.04,39003.87,59.54,1889,492,26.8,Low,Profitable
426,18,518,2024-06,81239.03,27550.59,4830.05,21385.48,1273.66,26199.25,0.3225,283.0,0.462,37532.43,43706.6,69.08,1622,380,25.1,Low,Highly-Profitable
427,18,548,2024-07,61680.37,26554.11,4509.92,27246.26,2196.17,1173.91,0.019,469.7,0.469,28928.09,32752.28,52.45,1996,247,14.8,Low,Break-Even
428,18,579,2024-08,70264.41,29163.62,4696.2,25503.64,1038.95,9862.0,0.1404,419.8,0.499,35061.94,35202.47,59.75,1692,780,23.5,Low,Profitable
429,18,610,2024-09,55497.89,20599.81,4424.12,22535.74,849.55,7088.67,0.1277,433.5,0.558,30967.82,24530.07,47.19,1901,379,29.4,Low,Break-Even
430,18,640,2024-10,53318.25,18472.27,4827.82,23695.82,1092.93,5229.41,0.0981,505.7,0.469,25006.26,28311.99,45.34,1858,172,13.3,Low,Break-Even
431,18,671,2024-11,46718.66,17308.68,4877.47,25071.97,635.19,-1174.65,-0.0251,644.0,0.499,23312.61,23406.05,39.73,2099,548,14.0,Low,Break-Even
432,18,701,2024-12,56550.65,21461.29,4540.46,25241.71,567.98,4739.21,0.0838,304.1,0.438,24769.18,31781.47,48.09,1360,467,27.0,Low,Break-Even
433,19,1,2023-01,77637.31,32107.11,4528.99,26084.95,1741.29,13174.97,0.1697,557.5,0.57,44253.27,33384.04,83.84,1835,425,22.8,Low,Profitable
434,19,32,2023-02,43984.08,16104.01,4180.9,26172.87,1077.86,-3551.56,-0.0807,447.6,0.468,20584.55,23399.53,47.5,2524,316,24.0,Low,Loss-Making
435,19,60,2023-03,72193.96,26166.03,4747.74,25046.03,842.66,15391.5,0.2132,534.9,0.524,37829.64,34364.32,77.96,2296,291,14.6,Low,Profitable
436,19,91,2023-04,53877.0,22035.27,4504.42,21226.59,1104.38,5006.34,0.0929,358.4,0.491,26453.61,27423.39,58.18,2009,450,23.7,Low,Break-Even
437,19,121,2023-05,53471.05,23103.81,4309.1,27264.84,1593.04,-2799.74,-0.0524,432.9,0.53,28339.66,25131.39,57.74,1743,379,24.4,Low,Loss-Making
438,19,152,2023-06,64566.73,22310.58,4812.83,26146.82,934.42,10362.08,0.1605,587.6,0.393,25374.72,39192.01,69.73,1375,402,20.5,Low,Profitable
439,19,182,2023-07,19157.01,6912.5,4809.29,26890.17,702.05,-20157.0,-1.0522,552.3,0.5,9578.5,9578.51,20.69,1564,634,22.4,Low,Structural-Loss
440,19,213,2023-08,84138.31,31493.29,4825.93,27915.86,942.24,18960.99,0.2254,577.9,0.51,42910.54,41227.77,90.86,1302,165,12.3,Low,Profitable
441,19,244,2023-09,55287.75,22871.51,4478.27,23824.1,1615.7,2498.17,0.0452,560.7,0.542,29965.96,25321.79,59.71,1736,609,25.0,Low,Break-Even
442,19,274,2023-10,41701.25,13912.86,4402.87,22880.36,1850.56,-1345.4,-0.0323,317.3,0.486,20266.81,21434.44,45.03,1918,476,18.8,Low,Break-Even
443,19,305,2023-11,35620.18,14525.83,4703.72,28925.36,2289.26,-14823.99,-0.4162,485.3,0.412,14675.51,20944.67,38.47,1564,430,10.6,Low,Loss-Making
444,19,335,2023-12,69826.65,23894.62,4676.28,20446.73,1440.07,19368.95,0.2774,504.7,0.423,29536.67,40289.98,75.41,2642,202,20.4,Low,Profitable
445,19,366,2024-01,57783.47,20240.7,4552.04,23454.93,1088.96,8446.84,0.1462,533.1,0.528,30509.67,27273.8,62.4,1393,236,22.9,Low,Profitable
446,19,397,2024-02,64879.72,28349.36,4744.07,30093.69,1040.42,652.18,0.0101,445.0,0.495,32115.46,32764.26,70.06,1409,552,28.6,Low,Break-Even
447,19,426,2024-03,59292.37,20503.88,4453.77,24808.13,1797.46,7729.13,0.1304,628.9,0.533,31602.83,27689.54,64.03,1875,441,28.0,Low,Break-Even
448,19,457,2024-04,56354.73,19923.0,5008.4,27371.46,540.19,3511.68,0.0623,430.5,0.495,27895.59,28459.14,60.86,1725,375,25.8,Medium,Break-Even
449,19,487,2024-05,47180.69,19380.64,4608.19,31962.92,1300.18,-10071.24,-0.2135,302.5,0.451,21278.49,25902.2,50.95,2157,642,12.0,Low,Loss-Making
450,19,518,2024-06,71628.67,25681.55,4550.44,29243.85,1142.98,11009.85,0.1537,880.3,0.481,34453.39,37175.28,77.35,2612,417,23.2,Low,Profitable
451,19,548,2024-07,55656.84,22170.69,4253.38,28235.61,306.24,690.92,0.0124,524.2,0.552,30722.58,24934.26,60.1,1268,584,18.1,Low,Break-Even
452,19,579,2024-08,80542.8,33862.03,4285.4,24541.75,1169.37,16684.25,0.2071,516.3,0.518,41721.17,38821.63,86.98,1153,296,17.0,Low,Profitable
453,19,610,2024-09,34400.8,12362.83,4278.76,25366.37,1154.31,-8761.47,-0.2547,429.9,0.517,17785.21,16615.59,37.15,1731,415,23.4,Low,Loss-Making
454,19,640,2024-10,8000.0,3393.79,4721.36,22628.8,1638.47,-24382.42,-3.0478,513.3,0.511,4088.0,3912.0,8.64,2044,477,28.5,Low,Structural-Loss
455,19,671,2024-11,72694.15,27290.19,4436.82,29208.11,1507.04,10251.99,0.141,393.2,0.559,40636.03,32058.12,78.5,1473,471,23.7,Low,Profitable
456,19,701,2024-12,75842.39,30425.0,4518.75,30865.11,1328.34,8705.19,0.1148,125.8,0.523,39665.57,36176.82,81.9,1643,164,9.0,Low,Profitable
457,20,1,2023-01,68550.5,24086.27,9341.54,19412.39,1289.95,14420.35,0.2104,477.8,0.608,41678.7,26871.8,61.37,2427,444,28.9,Medium,Profitable
458,20,32,2023-02,74621.11,31860.01,9290.64,17776.13,1593.46,14100.87,0.189,327.0,0.569,42459.41,32161.7,66.8,1843,438,26.4,Medium,Profitable
459,20,60,2023-03,66617.15,24564.61,10019.34,17992.13,105.44,13935.63,0.2092,483.4,0.546,36372.96,30244.19,59.64,2068,465,23.1,High,Profitable
460,20,91,2023-04,65105.33,26180.61,8613.61,20170.66,1092.15,9048.3,0.139,569.8,0.588,38281.93,26823.4,58.29,1879,440,21.8,Medium,Profitable
461,20,121,2023-05,35162.23,13862.54,8860.19,17914.57,1147.6,-6622.67,-0.1883,346.7,0.637,22398.34,12763.89,31.48,1662,458,29.0,Medium,Loss-Making
462,20,152,2023-06,57708.65,18600.14,9272.54,18422.92,1524.9,9888.15,0.1713,462.3,0.532,30701.0,27007.65,51.66,1759,631,33.1,Medium,Profitable
463,20,182,2023-07,57339.34,20527.71,8093.19,17676.63,955.79,10086.02,0.1759,651.3,0.637,36525.16,20814.18,51.33,2572,478,5.2,Medium,Profitable
464,20,213,2023-08,54866.84,22969.57,9320.44,16506.65,1379.64,4690.54,0.0855,400.6,0.547,30012.16,24854.68,49.12,2690,442,19.2,Medium,Break-Even
465,20,244,2023-09,54708.56,19223.91,9498.46,20805.82,1046.79,4133.58,0.0756,597.4,0.534,29214.37,25494.19,48.98,1923,290,10.5,Medium,Break-Even
466,20,274,2023-10,41986.52,14891.79,9595.69,15680.71,1294.95,523.38,0.0125,626.4,0.583,24478.14,17508.38,37.59,1320,332,25.3,Medium,Break-Even
467,20,305,2023-11,76742.36,28124.83,9077.0,18857.34,502.18,20181.01,0.263,366.6,0.538,41287.39,35454.97,68.7,1828,245,18.2,Medium,Highly-Profitable
468,20,335,2023-12,57391.13,23587.18,9381.12,21249.22,1269.72,1903.89,0.0332,531.3,0.51,29269.48,28121.65,51.38,1765,474,22.9,Medium,Break-Even
469,20,366,2024-01,46745.9,17700.65,9424.71,18294.81,1597.44,-271.71,-0.0058,336.6,0.571,26691.91,20053.99,41.85,1932,420,23.3,Medium,Break-Even
470,20,397,2024-02,58400.21,18821.56,9192.43,19288.62,565.44,10532.16,0.1803,691.4,0.587,34280.92,24119.29,52.28,2148,426,22.2,Medium,Profitable
471,20,426,2024-03,61064.64,20298.79,8925.94,16620.92,1210.82,14008.17,0.2294,577.7,0.522,31875.74,29188.9,54.67,1416,673,28.4,Medium,Profitable
472,20,457,2024-04,43033.52,16381.29,8356.6,17348.98,1784.45,-837.8,-0.0195,314.5,0.489,21043.39,21990.13,38.53,1663,419,21.1,Medium,Break-Even
473,20,487,2024-05,41603.72,18178.01,9449.98,18137.95,670.85,-4833.07,-0.1162,417.9,0.552,22965.25,18638.47,37.25,1240,325,9.6,Medium,Loss-Making
474,20,518,2024-06,54153.09,17395.67,7986.59,17122.45,1110.03,10538.35,0.1946,662.3,0.464,25127.03,29026.06,48.48,2198,558,13.5,Medium,Profitable
475,20,548,2024-07,81433.45,28052.24,9561.86,17562.36,861.32,25395.67,0.3119,656.1,0.524,42671.13,38762.32,72.9,2155,252,20.4,Medium,Highly-Profitable
476,20,579,2024-08,41356.1,13992.63,8496.64,17260.27,1079.13,527.43,0.0128,273.2,0.639,26426.55,14929.55,37.02,1596,512,27.1,Medium,Break-Even
477,20,610,2024-09,47687.67,20429.63,9445.15,18815.34,911.01,-1913.46,-0.0401,300.6,0.544,25942.09,21745.58,42.69,1602,381,20.6,Medium,Break-Even
478,20,640,2024-10,66036.94,21173.03,8785.34,15239.07,1131.85,19707.65,0.2984,584.4,0.618,40810.83,25226.11,59.12,1138,378,19.9,Medium,Profitable
479,20,671,2024-11,66119.13,28493.89,9729.01,17608.93,416.12,9871.18,0.1493,539.2,0.6,39671.48,26447.65,59.19,1503,406,24.4,Medium,Profitable
480,20,701,2024-12,42953.66,16638.45,8795.81,16262.54,1242.11,14.75,0.0003,672.0,0.518,22250.0,20703.66,38.45,1914,519,3.0,Medium,Break-Even
481,21,1,2023-01,61743.7,21373.35,3465.01,26410.47,902.95,9591.92,0.1554,352.8,0.529,32662.42,29081.28,34.94,2014,452,26.1,Low,Profitable
482,21,32,2023-02,41186.73,14122.13,3499.83,25547.96,1649.65,-3632.84,-0.0882,502.2,0.511,21046.42,20140.31,23.31,1688,92,27.8,Low,Loss-Making
483,21,60,2023-03,55245.67,22053.05,3895.49,23906.85,1248.38,4141.9,0.075,586.1,0.643,35522.97,19722.7,31.27,2035,406,26.5,Low,Break-Even
484,21,91,2023-04,78858.54,33569.06,3473.36,25166.38,1546.27,15103.47,0.1915,437.8,0.52,41006.44,37852.1,44.63,1466,531,19.5,Low,Profitable
485,21,121,2023-05,55316.64,20536.41,3823.56,25888.23,1346.79,3721.65,0.0673,399.2,0.535,29594.4,25722.24,31.31,1861,407,28.1,Low,Break-Even
486,21,152,2023-06,74268.12,27553.55,4035.93,28906.92,1369.12,12402.6,0.167,589.3,0.56,41590.15,32677.97,42.03,2518,354,18.3,Low,Profitable
487,21,182,2023-07,55367.46,23309.06,3991.69,23276.63,1268.41,3521.67,0.0636,533.4,0.634,35102.97,20264.49,31.33,1831,572,18.6,Low,Break-Even
488,21,213,2023-08,99269.46,41744.98,3377.25,22625.35,1100.67,30421.21,0.3065,297.8,0.504,50031.81,49237.65,56.18,1315,372,18.5,Low,Highly-Profitable
489,21,244,2023-09,81297.35,35016.86,3719.98,24440.26,908.55,17211.7,0.2117,301.8,0.585,47558.95,33738.4,46.01,1707,330,40.4,Low,Profitable
490,21,274,2023-10,66376.9,27876.7,3760.32,26346.66,1228.37,7164.85,0.1079,319.8,0.512,33984.97,32391.93,37.56,1176,476,38.0,Low,Break-Even
491,21,305,2023-11,41265.28,14187.07,3864.44,24091.1,1839.48,-2716.81,-0.0658,134.8,0.576,23768.8,17496.48,23.35,1827,529,22.5,Low,Loss-Making
492,21,335,2023-12,70884.44,28766.36,3893.19,23271.17,182.88,14770.84,0.2084,437.9,0.494,35016.91,35867.53,40.12,1843,254,21.6,Low,Profitable
493,21,366,2024-01,70325.98,28646.14,3279.64,22426.45,1839.26,14134.49,0.201,342.8,0.542,38116.68,32209.3,39.8,2049,489,3.6,Low,Profitable
494,21,397,2024-02,65630.4,22870.61,3708.34,24711.29,1599.87,12740.29,0.1941,682.5,0.591,38787.57,26842.83,37.14,2094,574,13.3,Low,Profitable
495,21,426,2024-03,83126.94,31036.1,4075.27,26326.6,883.66,20805.31,0.2503,573.5,0.576,47881.12,35245.82,47.04,2006,667,27.5,Low,Highly-Profitable
496,21,457,2024-04,59507.67,20895.91,3747.4,24967.04,938.66,8958.66,0.1505,387.5,0.554,32967.25,26540.42,33.68,1258,434,13.2,Low,Profitable
497,21,487,2024-05,65916.05,26003.59,3650.83,22545.4,1139.26,12576.97,0.1908,350.6,0.59,38890.47,27025.58,37.3,1959,499,13.9,Low,Profitable
498,21,518,2024-06,78273.31,30917.57,3391.21,25459.92,1487.8,17016.81,0.2174,479.9,0.562,43989.6,34283.71,44.3,2138,448,19.9,Low,Profitable
499,21,548,2024-07,51160.75,21321.57,3443.76,25601.39,1800.15,-1006.12,-0.0197,609.4,0.542,27729.13,23431.62,28.95,1419,678,34.9,Low,Break-Even
500,21,579,2024-08,40199.02,15630.5,3593.21,24996.93,1581.35,-5602.97,-0.1394,320.7,0.568,22833.04,17365.98,22.75,1655,460,34.0,Low,Loss-Making
501,21,610,2024-09,37586.57,16013.27,3478.95,24741.96,957.93,-7605.54,-0.2023,211.7,0.52,19545.02,18041.55,21.27,1944,470,23.8,Low,Loss-Making
502,21,640,2024-10,66923.12,21845.36,3241.66,23665.83,1032.95,17137.32,0.2561,452.0,0.531,35536.18,31386.94,37.87,1291,461,14.8,Low,Profitable
503,21,671,2024-11,58820.7,20546.0,3387.19,25961.01,900.52,8025.98,0.1364,202.7,0.599,35233.6,23587.1,33.29,1530,297,14.5,Low,Profitable
504,21,701,2024-12,111658.9,46249.05,4113.59,29191.59,1300.71,30803.96,0.2759,371.0,0.631,70456.77,41202.13,63.19,1535,404,28.9,Low,Highly-Profitable
505,22,1,2023-01,72324.67,30900.19,6172.36,21640.21,1602.17,12009.74,0.1661,386.1,0.192,13886.34,58438.33,59.04,1660,398,14.1,Medium,Profitable
506,22,32,2023-02,75750.62,29962.72,5924.31,20451.59,1051.74,18360.26,0.2424,619.5,0.059,4469.29,71281.33,61.84,1848,523,13.3,Medium,Profitable
507,22,60,2023-03,60418.84,20738.84,5704.51,25694.83,1189.88,7090.78,0.1174,30.0,0.02,1208.38,59210.46,49.32,2172,429,26.8,Medium,Break-Even
508,22,91,2023-04,92451.98,30126.55,5911.69,21969.37,1434.96,33009.41,0.357,422.4,0.082,7581.06,84870.92,75.47,1960,598,20.4,Medium,Highly-Profitable
509,22,121,2023-05,39505.21,16479.47,5951.64,21335.49,1352.46,-5613.85,-0.1421,492.1,0.068,2686.35,36818.86,32.25,1960,240,31.1,Medium,Loss-Making
510,22,152,2023-06,90334.14,30969.13,6100.67,23720.42,1387.01,28156.91,0.3117,601.5,0.052,4697.38,85636.76,73.74,2098,291,9.3,Medium,Highly-Profitable
511,22,182,2023-07,60689.89,20330.58,5288.22,20689.37,1454.69,12927.03,0.213,444.9,0.067,4066.22,56623.67,49.54,1774,174,21.6,Medium,Profitable
512,22,213,2023-08,35946.99,15464.59,6548.86,26179.11,1118.62,-13364.19,-0.3718,486.7,0.158,5679.62,30267.37,29.34,2293,282,21.1,Medium,Loss-Making
513,22,244,2023-09,62478.96,26884.41,5804.36,22061.38,1011.13,6717.68,0.1075,548.0,0.037,2311.72,60167.24,51.0,1642,430,3.7,Medium,Break-Even
514,22,274,2023-10,60387.72,22260.8,6074.92,21386.69,1029.95,9635.36,0.1596,422.5,0.046,2777.84,57609.88,49.3,1581,450,18.3,Medium,Profitable
515,22,305,2023-11,33013.64,11042.13,5920.16,20588.11,1903.31,-6440.07,-0.1951,398.1,0.213,7031.91,25981.73,26.95,2255,352,20.5,Medium,Loss-Making
516,22,335,2023-12,92343.03,35328.49,5748.09,23433.47,1118.23,26714.75,0.2893,465.5,0.052,4801.84,87541.19,75.38,1593,511,20.4,Medium,Highly-Profitable
517,22,366,2024-01,77859.91,26592.0,5421.05,24055.22,1178.1,20613.54,0.2648,465.8,0.205,15961.28,61898.63,63.56,1783,475,15.9,Medium,Highly-Profitable
518,22,397,2024-02,73910.55,24714.52,5032.88,20431.52,1722.09,22009.54,0.2978,399.0,0.02,1478.21,72432.34,60.34,2402,347,25.2,Medium,Highly-Profitable
519,22,426,2024-03,70093.21,24791.76,5526.23,19857.64,1274.79,18642.79,0.266,391.2,0.079,5537.36,64555.85,57.22,1613,671,27.0,Medium,Profitable
520,22,457,2024-04,48085.59,16098.31,5950.99,20336.72,1228.1,4471.47,0.093,676.8,0.161,7741.78,40343.81,39.25,1110,479,3.0,Medium,Break-Even
521,22,487,2024-05,45863.22,16983.26,5951.74,23417.98,1084.44,-1574.2,-0.0343,611.9,0.135,6191.53,39671.69,37.44,1306,462,16.8,Medium,Break-Even
522,22,518,2024-06,72794.2,29577.3,5924.35,24261.21,971.79,12059.55,0.1657,347.6,0.173,12593.4,60200.8,59.42,2027,437,25.5,Medium,Profitable
523,22,548,2024-07,50461.46,20203.63,6309.88,24055.29,1459.68,-1567.02,-0.0311,894.8,0.083,4188.3,46273.16,41.19,2133,410,3.0,Medium,Break-Even
524,22,579,2024-08,51747.58,20101.67,5773.59,21407.46,1466.03,2998.83,0.058,503.4,0.064,3311.85,48435.73,42.24,2242,339,17.3,Medium,Break-Even
525,22,610,2024-09,71001.83,30060.31,5547.39,21865.34,1810.24,11718.55,0.165,557.4,0.101,7171.18,63830.65,57.96,1874,559,17.7,Medium,Profitable
526,22,640,2024-10,85545.67,34286.52,6251.71,23513.71,1256.69,20237.04,0.2366,412.4,0.074,6330.38,79215.29,69.83,1415,485,21.9,Medium,Highly-Profitable
527,22,671,2024-11,49450.64,16647.79,6164.56,21065.81,1942.98,3629.5,0.0734,139.2,0.106,5241.77,44208.87,40.37,2404,345,12.9,Medium,Break-Even
528,22,701,2024-12,37878.83,12567.19,5593.14,24730.7,163.96,-5176.16,-0.1367,940.6,0.065,2462.12,35416.71,30.92,1872,386,22.4,Medium,Loss-Making
529,23,1,2023-01,85112.75,30804.18,3733.72,28311.76,1023.21,21239.88,0.2495,745.7,0.114,9702.85,75409.9,98.17,2612,324,10.6,Low,Highly-Profitable
530,23,32,2023-02,82474.66,30098.74,3656.81,26000.75,615.78,22102.58,0.268,399.9,0.115,9484.59,72990.07,95.13,2154,429,20.0,Low,Highly-Profitable
531,23,60,2023-03,64739.58,22614.84,3346.59,26813.17,846.53,11118.45,0.1717,347.9,0.117,7574.53,57165.05,74.67,1842,503,14.8,Low,Profitable
532,23,91,2023-04,65540.31,26165.37,3522.52,22095.63,1695.54,12061.25,0.184,437.9,0.121,7930.38,57609.93,75.59,1628,262,25.7,Low,Profitable
533,23,121,2023-05,64587.12,26234.28,3641.54,24083.96,1598.16,9029.18,0.1398,660.9,0.106,6846.23,57740.89,74.49,2271,297,29.4,Low,Profitable
534,23,152,2023-06,59323.58,23332.36,3544.32,20981.47,1020.14,10445.29,0.1761,410.3,0.167,9907.04,49416.54,68.42,1518,379,28.6,Low,Profitable
535,23,182,2023-07,54242.49,19837.68,3571.46,25480.35,775.92,4577.08,0.0844,387.6,0.197,10685.77,43556.72,62.56,1337,492,27.8,Low,Break-Even
536,23,213,2023-08,77471.07,27220.46,3411.87,25493.92,822.08,20522.74,0.2649,523.2,0.19,14719.5,62751.57,89.36,1784,688,28.7,Low,Highly-Profitable
537,23,244,2023-09,41410.46,14175.44,3632.46,25418.15,1032.43,-2848.02,-0.0688,552.9,0.195,8075.04,33335.42,47.76,1528,306,26.4,Low,Loss-Making
538,23,274,2023-10,79317.13,30311.93,3592.22,24740.66,1884.36,18787.96,0.2369,559.1,0.155,12294.16,67022.97,91.48,2038,487,28.3,Low,Profitable
539,23,305,2023-11,32567.71,14179.06,3590.66,24137.89,1411.64,-10751.54,-0.3301,430.8,0.155,5048.0,27519.71,37.56,2259,377,26.5,Low,Loss-Making
540,23,335,2023-12,73979.36,29678.82,3498.92,26586.31,706.79,13508.52,0.1826,345.7,0.098,7249.98,66729.38,85.33,2344,455,30.5,Low,Profitable
541,23,366,2024-01,56018.22,20193.93,3417.52,22081.72,641.75,9683.3,0.1729,459.6,0.103,5769.88,50248.34,64.61,1690,409,19.5,Low,Profitable
542,23,397,2024-02,68681.27,28796.37,3271.11,30623.6,1427.4,4562.79,0.0664,464.3,0.059,4052.19,64629.08,79.22,1314,487,19.6,Low,Break-Even
543,23,426,2024-03,77715.19,28900.67,3417.93,27672.09,1517.0,16207.5,0.2085,523.0,0.183,14221.88,63493.31,89.64,2584,467,23.8,Low,Profitable
544,23,457,2024-04,47338.16,16123.22,3698.76,23297.14,1114.51,3104.53,0.0656,649.3,0.197,9325.62,38012.54,54.6,1495,576,25.3,Low,Break-Even
545,23,487,2024-05,60101.11,22416.58,3519.52,25001.7,1074.96,8088.35,0.1346,566.6,0.107,6430.82,53670.29,69.32,2410,224,18.3,Low,Profitable
546,23,518,2024-06,57661.71,23521.4,3104.17,26608.07,792.18,3635.89,0.0631,235.4,0.109,6285.13,51376.58,66.51,1724,506,20.7,Low,Break-Even
547,23,548,2024-07,76185.14,30011.64,3234.89,26013.83,827.87,16096.91,0.2113,378.8,0.136,10361.18,65823.96,87.87,1738,308,21.9,Low,Profitable
548,23,579,2024-08,53686.6,21264.87,3480.69,27957.11,1652.03,-668.1,-0.0124,297.7,0.151,8106.68,45579.92,61.92,1362,513,24.1,Low,Break-Even
549,23,610,2024-09,50414.95,17229.95,3220.63,25192.24,871.73,3900.4,0.0774,360.7,0.205,10335.06,40079.89,58.15,1433,223,21.7,Low,Break-Even
550,23,640,2024-10,72825.84,30084.98,3329.0,24829.31,1515.33,13067.22,0.1794,472.9,0.132,9613.01,63212.83,84.0,1637,497,21.1,Low,Profitable
551,23,671,2024-11,76922.5,27513.1,3288.33,24436.97,1108.18,20575.92,0.2675,569.3,0.175,13461.44,63461.06,88.72,1728,522,29.5,Low,Highly-Profitable
552,23,701,2024-12,54926.89,23137.12,3130.66,20940.27,1007.8,6711.04,0.1222,382.4,0.145,7964.4,46962.49,63.35,1696,424,14.3,Low,Break-Even
553,24,1,2023-01,69286.4,29034.47,9152.91,25292.4,755.12,5051.5,0.0729,670.5,0.544,37691.8,31594.6,55.34,1520,465,16.5,Medium,Break-Even
554,24,32,2023-02,66226.08,24111.21,8980.8,21813.46,1554.41,9766.2,0.1475,438.5,0.582,38543.58,27682.5,52.9,1517,437,16.3,Medium,Profitable
555,24,60,2023-03,76952.64,25639.99,9808.63,20717.56,1509.1,19277.36,0.2505,457.6,0.632,48634.07,28318.57,61.46,1330,662,24.7,Medium,Profitable
556,24,91,2023-04,82058.1,32329.15,9084.02,21175.52,901.0,18568.41,0.2263,390.7,0.467,38321.13,43736.97,65.54,2840,374,28.0,Medium,Profitable
557,24,121,2023-05,56942.88,20518.54,8399.63,20672.6,1935.69,5416.42,0.0951,676.8,0.579,32969.93,23972.95,45.48,2091,364,5.4,Medium,Break-Even
558,24,152,2023-06,41698.42,17767.07,8689.31,20959.2,1101.88,-6819.04,-0.1635,453.5,0.634,26436.8,15261.62,33.31,1626,345,19.5,Medium,Loss-Making
559,24,182,2023-07,82911.57,30165.48,9341.09,19127.76,2109.34,22167.9,0.2674,401.0,0.621,51488.08,31423.49,66.22,1484,441,27.0,Medium,Highly-Profitable
560,24,213,2023-08,80068.27,27674.76,8982.36,17883.39,890.01,24637.75,0.3077,650.8,0.559,44758.16,35310.11,63.95,1506,575,24.6,Medium,Highly-Profitable
561,24,244,2023-09,35197.23,12227.1,10193.33,21660.22,1000.76,-9884.18,-0.2808,456.2,0.573,20168.01,15029.22,28.11,2041,474,14.6,High,Loss-Making
562,24,274,2023-10,54271.58,22622.81,9520.32,19013.26,991.44,2123.75,0.0391,582.4,0.625,33919.74,20351.84,43.35,2155,449,23.8,Medium,Break-Even
563,24,305,2023-11,53520.02,19022.1,8397.12,20281.69,1235.94,4583.17,0.0856,566.6,0.553,29596.57,23923.45,42.75,2526,450,28.6,Medium,Break-Even
564,24,335,2023-12,47956.78,16488.39,9270.2,21040.12,1237.35,-79.28,-0.0017,266.0,0.562,26951.71,21005.07,38.3,1607,361,14.8,Medium,Break-Even
565,24,366,2024-01,54563.75,18210.81,9629.76,21555.59,1873.13,3294.46,0.0604,586.7,0.723,39449.59,15114.16,43.58,966,368,14.0,Medium,Break-Even
566,24,397,2024-02,94314.82,30261.96,9259.0,22721.86,1067.8,31004.2,0.3287,408.5,0.589,55551.43,38763.39,75.33,1792,588,15.0,Medium,Highly-Profitable
567,24,426,2024-03,90767.55,29291.69,9142.21,19311.86,1574.62,31447.17,0.3465,377.3,0.607,55095.9,35671.65,72.5,2431,448,30.3,Medium,Highly-Profitable
568,24,457,2024-04,86634.8,27946.39,9301.4,18950.18,1497.38,28939.45,0.334,453.8,0.597,51720.98,34913.82,69.2,1513,477,31.5,Medium,Highly-Profitable
569,24,487,2024-05,84091.28,31256.91,9420.54,18584.33,934.78,23894.72,0.2842,423.8,0.605,50875.22,33216.06,67.17,1206,286,36.2,Medium,Highly-Profitable
570,24,518,2024-06,43089.21,16505.28,9580.12,20734.52,1205.58,-4936.29,-0.1146,667.7,0.625,26930.76,16158.45,34.42,1909,228,22.7,Medium,Loss-Making
571,24,548,2024-07,76122.08,30699.62,9055.78,20416.13,1696.07,14254.48,0.1873,813.0,0.657,50012.21,26109.87,60.8,1754,499,31.9,Medium,Profitable
572,24,579,2024-08,63657.21,23788.63,9106.51,20605.37,948.11,9208.59,0.1447,423.6,0.544,34629.52,29027.69,50.84,1720,599,19.9,Medium,Profitable
573,24,610,2024-09,69879.49,24352.56,9369.9,17982.93,765.15,17408.95,0.2491,569.1,0.595,41578.3,28301.19,55.81,2132,351,24.4,Medium,Profitable
574,24,640,2024-10,66808.75,29023.13,10134.22,19849.95,1372.38,6429.07,0.0962,624.7,0.6,40085.25,26723.5,53.36,1610,484,27.6,High,Break-Even
575,24,671,2024-11,81630.66,32664.13,9215.05,20856.9,1003.73,17890.85,0.2192,672.0,0.647,52815.04,28815.62,65.2,653,424,21.9,Medium,Profitable
576,24,701,2024-12,60545.62,24699.29,9920.86,18827.34,899.49,6198.64,0.1024,577.5,0.635,38446.47,22099.15,48.36,2167,460,27.3,Medium,Break-Even
577,25,1,2023-01,51001.62,19558.44,8249.31,23554.38,1020.23,-1380.74,-0.0271,292.6,0.175,8925.28,42076.34,51.26,2329,246,15.8,Medium,Break-Even
578,25,32,2023-02,62354.55,27055.04,7940.81,18647.27,438.19,8273.24,0.1327,573.2,0.137,8542.57,53811.98,62.67,2411,381,23.8,Medium,Profitable
579,25,60,2023-03,81363.92,32272.27,9193.04,21488.82,1037.84,17371.95,0.2135,370.9,0.123,10007.76,71356.16,81.77,862,275,3.0,Medium,Profitable
580,25,91,2023-04,55819.69,22565.81,8028.79,19076.8,883.42,5264.87,0.0943,415.5,0.089,4967.95,50851.74,56.1,1600,455,19.0,Medium,Break-Even
581,25,121,2023-05,89591.64,38512.76,8714.82,20954.7,955.21,20454.15,0.2283,489.4,0.138,12363.65,77227.99,90.04,1516,276,28.2,Medium,Highly-Profitable
582,25,152,2023-06,79274.72,28305.32,7910.69,22329.85,1211.19,19517.67,0.2462,253.1,0.119,9433.69,69841.03,79.67,1725,453,17.1,Medium,Profitable
583,25,182,2023-07,55732.27,20406.32,7859.03,21760.04,1678.47,4028.41,0.0723,143.1,0.093,5183.1,50549.17,56.01,1539,438,19.3,Medium,Break-Even
584,25,213,2023-08,90290.08,30334.72,7753.3,20937.86,1892.94,29371.26,0.3253,497.7,0.07,6320.31,83969.77,90.74,2345,416,21.5,Medium,Highly-Profitable
585,25,244,2023-09,61264.96,25821.7,8694.12,24116.99,1731.38,900.77,0.0147,366.7,0.125,7658.12,53606.84,61.57,1889,548,27.6,Medium,Break-Even
586,25,274,2023-10,57649.52,20926.68,8536.98,21928.21,1305.31,4952.34,0.0859,403.6,0.191,11011.06,46638.46,57.94,1707,331,15.5,Medium,Break-Even
587,25,305,2023-11,57181.53,25009.99,8187.53,17571.45,760.21,5652.35,0.0988,672.5,0.052,2973.44,54208.09,57.47,1545,466,18.7,Medium,Break-Even
588,25,335,2023-12,41829.66,14483.35,8553.71,21570.95,1868.7,-4647.05,-0.1111,642.2,0.107,4475.77,37353.89,42.04,1385,212,12.7,Medium,Loss-Making
589,25,366,2024-01,93881.35,33687.6,7485.04,21666.26,1120.92,29921.53,0.3187,581.6,0.096,9012.61,84868.74,94.35,1129,580,26.2,Medium,Highly-Profitable
590,25,397,2024-02,79861.81,29096.74,7690.1,21125.13,1603.94,20345.9,0.2548,585.5,0.077,6149.36,73712.45,80.26,1804,202,40.5,Medium,Highly-Profitable
591,25,426,2024-03,76680.39,26248.4,8156.09,20923.47,923.34,20429.09,0.2664,467.8,0.094,7207.96,69472.43,77.07,1598,430,12.9,Medium,Highly-Profitable
592,25,457,2024-04,57124.49,19438.51,8059.0,20863.59,1509.7,7253.69,0.127,201.7,0.152,8682.92,48441.57,57.41,1962,591,32.1,Medium,Break-Even
593,25,487,2024-05,64300.29,21027.59,8497.89,17857.68,882.15,16034.98,0.2494,415.2,0.144,9259.24,55041.05,64.62,2073,386,18.1,Medium,Profitable
594,25,518,2024-06,82764.14,35592.65,8220.85,19832.52,1676.73,17441.39,0.2107,349.3,0.089,7366.01,75398.13,83.18,1818,233,20.6,Medium,Profitable
595,25,548,2024-07,61122.09,22196.19,8157.3,18410.25,1085.74,11272.61,0.1844,346.4,0.068,4156.3,56965.79,61.43,1555,236,20.3,Medium,Profitable
596,25,579,2024-08,31423.08,10667.73,8516.6,20929.07,1520.75,-10211.07,-0.325,530.0,0.071,2231.04,29192.04,31.58,2370,537,16.0,Medium,Loss-Making
597,25,610,2024-09,60893.8,20539.1,8299.06,23575.68,1415.46,7064.5,0.116,528.1,0.051,3105.58,57788.22,61.2,2098,511,24.2,Medium,Break-Even
598,25,640,2024-10,67828.3,23678.74,8068.68,20604.89,837.38,14638.61,0.2158,602.3,0.095,6443.69,61384.61,68.17,1720,369,20.4,Medium,Profitable
599,25,671,2024-11,79618.66,28066.79,7919.29,19112.69,994.79,23525.1,0.2955,426.6,0.16,12738.99,66879.67,80.02,2521,489,35.8,Medium,Highly-Profitable
600,25,701,2024-12,64994.61,23823.17,8319.54,18725.89,987.42,13138.59,0.2021,357.0,0.109,7084.41,57910.2,65.32,1386,536,24.7,Medium,Profitable
601,26,1,2023-01,73633.54,30533.98,4012.34,19595.76,864.83,18626.63,0.253,638.6,0.377,27759.84,45873.7,73.27,1784,433,29.1,Low,Profitable
602,26,32,2023-02,65564.92,26080.26,4308.23,23750.16,1061.29,10364.98,0.1581,227.4,0.543,35601.75,29963.17,65.24,1790,367,13.9,Low,Profitable
603,26,60,2023-03,48586.09,16195.32,4483.46,20176.49,938.32,6792.5,0.1398,579.3,0.461,22398.19,26187.9,48.34,1226,167,17.9,Low,Break-Even
604,26,91,2023-04,68252.02,22930.05,4207.64,22304.27,910.73,17899.33,0.2623,428.5,0.485,33102.23,35149.79,67.91,1401,622,31.7,Low,Profitable
605,26,121,2023-05,63948.32,23229.3,4386.68,19389.41,908.46,16034.47,0.2507,557.2,0.466,29799.92,34148.4,63.63,2339,320,25.9,Low,Profitable
606,26,152,2023-06,46080.36,16569.72,4180.68,23135.09,1306.03,888.84,0.0193,542.0,0.385,17740.94,28339.42,45.85,808,345,25.3,Low,Break-Even
607,26,182,2023-07,59408.42,21083.64,4136.87,18305.22,880.33,15002.36,0.2525,524.1,0.392,23288.1,36120.32,59.11,1195,295,26.7,Low,Profitable
608,26,213,2023-08,88885.85,31813.94,4542.92,23460.49,882.0,28186.5,0.3171,495.3,0.434,38576.46,50309.39,88.44,1882,454,24.9,Low,Highly-Profitable
609,26,244,2023-09,91771.38,33640.92,4635.27,17116.34,950.78,35428.07,0.386,876.2,0.352,32303.53,59467.85,91.31,2430,273,16.4,Low,Highly-Profitable
610,26,274,2023-10,39543.42,17394.94,4109.27,21664.23,1240.19,-4865.21,-0.123,524.8,0.403,15936.0,23607.42,39.35,1368,358,25.5,Low,Loss-Making
611,26,305,2023-11,45971.32,20061.43,4426.42,21235.88,2224.99,-1977.4,-0.043,553.0,0.522,23997.03,21974.29,45.74,1315,372,11.9,Low,Break-Even
612,26,335,2023-12,64056.27,26163.38,4734.14,21919.32,1275.62,9963.81,0.1555,287.5,0.441,28248.82,35807.45,63.74,1997,56,20.5,Low,Profitable
613,26,366,2024-01,83430.49,33430.99,4595.69,22846.61,1143.58,21413.62,0.2567,494.9,0.445,37126.57,46303.92,83.02,1495,172,17.0,Low,Highly-Profitable
614,26,397,2024-02,77037.45,25594.78,4196.29,21621.92,1264.57,24359.89,0.3162,355.2,0.469,36130.56,40906.89,76.65,3001,420,36.7,Low,Highly-Profitable
615,26,426,2024-03,98214.35,33349.88,4800.85,20922.69,652.33,38488.6,0.3919,402.0,0.445,43705.39,54508.96,97.73,1725,516,21.2,Low,Highly-Profitable
616,26,457,2024-04,67517.28,24210.61,4600.83,21359.06,1799.93,15546.85,0.2303,590.5,0.466,31463.05,36054.23,67.18,1626,358,23.8,Low,Profitable
617,26,487,2024-05,40030.41,16142.74,4354.88,19714.01,1269.78,-1451.0,-0.0362,660.5,0.422,16892.83,23137.58,39.83,1988,249,31.4,Low,Break-Even
618,26,518,2024-06,73846.23,25394.97,4663.01,22465.31,1819.63,19503.31,0.2641,681.1,0.393,29021.57,44824.66,73.48,1307,358,16.7,Low,Profitable
619,26,548,2024-07,64725.05,27599.99,4521.47,23202.28,1088.3,8313.01,0.1284,278.9,0.477,30873.85,33851.2,64.4,1575,341,12.2,Low,Profitable
620,26,579,2024-08,59953.09,21722.49,4370.19,19017.05,652.48,14190.88,0.2367,645.8,0.503,30156.4,29796.69,59.65,2154,465,18.3,Low,Profitable
621,26,610,2024-09,47435.74,16786.44,4283.94,22085.18,2128.9,2151.28,0.0454,630.9,0.365,17314.05,30121.69,47.2,2258,331,23.8,Low,Break-Even
622,26,640,2024-10,24091.77,9600.24,4454.85,23425.06,673.62,-14062.0,-0.5837,486.2,0.439,10576.29,13515.48,23.97,1365,298,26.1,Low,Loss-Making
623,26,671,2024-11,87238.29,31515.9,4280.9,22739.74,1558.42,27143.33,0.3111,431.1,0.558,48678.97,38559.32,86.8,1927,283,17.0,Low,Highly-Profitable
624,26,701,2024-12,46903.82,17579.05,4469.13,18625.1,1400.52,4830.02,0.103,683.4,0.415,19465.09,27438.73,46.67,1821,606,19.8,Low,Break-Even
625,27,1,2023-01,78957.81,25725.29,5274.51,27279.69,1250.7,19427.62,0.2461,493.6,0.342,27003.57,51954.24,85.18,1433,313,8.7,Medium,Profitable
626,27,32,2023-02,42068.51,17852.56,5587.32,22539.35,698.12,-4608.84,-0.1096,507.0,0.312,13125.38,28943.13,45.38,1609,368,28.8,Medium,Loss-Making
627,27,60,2023-03,76223.14,30446.54,5784.25,24578.8,1264.55,14149.0,0.1856,479.4,0.48,36587.11,39636.03,82.23,1451,540,15.6,Medium,Profitable
628,27,91,2023-04,87897.77,34579.56,5775.62,23610.99,1453.59,22478.01,0.2557,681.4,0.438,38499.22,49398.55,94.82,2361,252,10.7,Medium,Highly-Profitable
629,27,121,2023-05,32410.16,10609.15,5439.26,21520.99,1753.45,-6912.69,-0.2133,684.3,0.451,14616.98,17793.18,34.96,1448,413,28.0,Medium,Loss-Making
630,27,152,2023-06,81598.48,26957.4,6150.27,22230.76,1057.77,25202.28,0.3089,519.9,0.396,32313.0,49285.48,88.02,1176,552,30.4,Medium,Highly-Profitable
631,27,182,2023-07,72738.73,24220.11,5718.83,21927.12,1781.39,19091.28,0.2625,645.3,0.379,27567.98,45170.75,78.47,1624,293,17.9,Medium,Profitable
632,27,213,2023-08,66622.52,23866.29,5742.6,20513.9,724.23,15775.5,0.2368,530.8,0.424,28247.95,38374.57,71.87,1320,302,33.8,Medium,Profitable
633,27,244,2023-09,64303.99,27311.69,5905.03,24278.33,1384.76,5424.18,0.0844,557.5,0.328,21091.71,43212.28,69.37,2124,362,23.1,Medium,Break-Even
634,27,274,2023-10,40369.21,13713.18,5402.79,20810.25,1603.26,-1160.27,-0.0287,297.9,0.377,15219.19,25150.02,43.55,1528,355,16.5,Medium,Break-Even
635,27,305,2023-11,59665.94,22349.4,5770.08,22908.69,775.98,7861.79,0.1318,453.1,0.358,21360.41,38305.53,64.36,1810,412,9.0,Medium,Break-Even
636,27,335,2023-12,64863.62,25147.35,5159.41,25095.26,1719.7,7741.9,0.1194,397.0,0.446,28929.17,35934.45,69.97,1542,365,27.2,Medium,Break-Even
637,27,366,2024-01,57087.26,18614.14,5779.37,24645.54,370.38,7677.83,0.1345,191.9,0.372,21236.46,35850.8,61.58,1556,476,23.2,Medium,Break-Even
638,27,397,2024-02,75973.3,30182.71,5549.46,21224.98,1558.27,17457.88,0.2298,599.0,0.436,33124.36,42848.94,81.96,2232,296,24.8,Medium,Profitable
639,27,426,2024-03,55748.35,23523.45,5648.93,24737.05,609.99,1228.93,0.022,347.9,0.42,23414.31,32334.04,60.14,2065,391,17.3,Medium,Break-Even
640,27,457,2024-04,90184.34,39559.97,5647.68,23716.4,726.61,20533.68,0.2277,329.6,0.448,40402.58,49781.76,97.29,1907,445,22.8,Medium,Highly-Profitable
641,27,487,2024-05,55092.54,22378.32,5423.61,22189.75,630.36,4470.5,0.0811,602.8,0.424,23359.24,31733.3,59.43,1744,575,10.1,Medium,Break-Even
642,27,518,2024-06,84323.78,27106.94,5129.54,24104.48,1888.45,26094.37,0.3095,451.6,0.415,34994.37,49329.41,90.96,985,491,35.0,Medium,Highly-Profitable
643,27,548,2024-07,50259.21,21125.25,5866.29,21350.86,628.19,1288.62,0.0256,536.1,0.457,22968.46,27290.75,54.22,2006,467,16.2,Medium,Break-Even
644,27,579,2024-08,64045.98,22917.88,5540.52,26276.82,845.87,8464.89,0.1322,526.1,0.368,23568.92,40477.06,69.09,1496,413,26.6,Medium,Profitable
645,27,610,2024-09,85951.14,34240.56,5844.2,24805.62,1228.16,19832.6,0.2307,402.8,0.367,31544.07,54407.07,92.72,1787,564,24.5,Medium,Profitable
646,27,640,2024-10,38973.23,16389.22,5442.21,22099.17,1382.02,-6339.39,-0.1627,501.8,0.411,16018.0,22955.23,42.04,1870,504,21.3,Medium,Loss-Making
647,27,671,2024-11,60683.88,19623.48,5676.1,23634.23,1318.98,10431.09,0.1719,397.3,0.451,27368.43,33315.45,65.46,2283,246,23.4,Medium,Profitable
648,27,701,2024-12,62178.76,23265.55,5579.23,21955.07,1235.48,10143.43,0.1631,505.2,0.439,27296.48,34882.28,67.08,1264,346,28.9,Medium,Profitable
649,28,1,2023-01,71063.04,24301.08,5191.56,15614.65,1427.84,24527.91,0.3452,605.1,0.152,10801.58,60261.46,50.4,2426,668,15.6,Medium,Highly-Profitable
650,28,32,2023-02,90945.46,36276.38,5068.06,21414.71,2180.24,26006.07,0.286,499.0,0.18,16370.18,74575.28,64.5,1721,385,30.1,Medium,Highly-Profitable
651,28,60,2023-03,57106.82,21474.24,5258.51,18619.5,1338.0,10416.57,0.1824,510.2,0.137,7823.63,49283.19,40.5,2180,534,29.8,Medium,Profitable
652,28,91,2023-04,63647.96,27278.64,5670.63,17216.14,1486.36,11996.19,0.1885,475.5,0.121,7701.4,55946.56,45.14,2315,467,19.3,Medium,Profitable
653,28,121,2023-05,44650.36,14721.45,4992.01,19690.89,1074.36,4171.65,0.0934,574.4,0.086,3839.93,40810.43,31.67,1653,500,24.1,Low,Break-Even
654,28,152,2023-06,74506.75,28946.6,4970.31,19733.45,964.63,19891.76,0.267,532.7,0.133,9909.4,64597.35,52.84,1973,408,20.0,Low,Profitable
655,28,182,2023-07,84758.61,33007.25,4888.36,20219.89,1103.92,25539.19,0.3013,379.8,0.126,10679.58,74079.03,60.11,774,294,26.9,Low,Highly-Profitable
656,28,213,2023-08,48062.08,15535.6,5126.41,17951.95,1494.51,7953.61,0.1655,454.7,0.054,2595.35,45466.73,34.09,2429,431,26.7,Medium,Break-Even
657,28,244,2023-09,62271.55,22812.6,5381.17,14821.14,941.04,18315.6,0.2941,571.6,0.114,7098.96,55172.59,44.16,1338,554,20.9,Medium,Profitable
658,28,274,2023-10,61961.45,25243.75,5325.72,18791.36,1415.32,11185.3,0.1805,502.2,0.078,4832.99,57128.46,43.94,2558,681,10.0,Medium,Profitable
659,28,305,2023-11,68076.66,24705.54,4862.41,20321.53,1436.68,16750.5,0.2461,577.4,0.052,3539.99,64536.67,48.28,2069,340,34.2,Low,Profitable
660,28,335,2023-12,64449.41,21756.28,5863.16,19764.99,1068.31,15996.67,0.2482,406.0,0.106,6831.64,57617.77,45.71,1469,500,25.9,Medium,Profitable
661,28,366,2024-01,90219.73,34827.11,5451.93,17096.28,1247.17,31597.24,0.3502,523.2,0.134,12089.44,78130.29,63.99,1818,324,15.5,Medium,Highly-Profitable
662,28,397,2024-02,49110.5,18225.93,5211.49,17927.92,1219.25,6525.91,0.1329,581.4,0.066,3241.29,45869.21,34.83,2019,500,23.1,Medium,Break-Even
663,28,426,2024-03,86646.65,30764.43,5244.17,18514.95,1111.23,31011.87,0.3579,530.7,0.181,15683.04,70963.61,61.45,1383,239,20.8,Medium,Highly-Profitable
664,28,457,2024-04,56649.14,23366.61,5033.59,17177.75,1218.69,9852.5,0.1739,485.1,0.188,10650.04,45999.1,40.18,1591,392,23.9,Medium,Profitable
665,28,487,2024-05,83906.66,27466.88,4838.93,20425.36,1599.95,29575.54,0.3525,583.5,0.076,6376.91,77529.75,59.51,1937,399,22.5,Low,Highly-Profitable
666,28,518,2024-06,70579.94,25485.45,5391.21,19708.7,1498.89,18495.69,0.2621,544.8,0.05,3529.0,67050.94,50.06,1512,170,30.8,Medium,Profitable
667,28,548,2024-07,49483.95,16524.14,5019.27,16332.31,2007.54,9600.69,0.194,445.9,0.19,9401.95,40082.0,35.09,1853,402,22.7,Medium,Profitable
668,28,579,2024-08,53097.29,22654.91,4767.66,17599.33,1780.92,6294.47,0.1185,475.6,0.199,10566.36,42530.93,37.66,1957,430,10.3,Low,Break-Even
669,28,610,2024-09,56312.95,18713.15,5152.09,18287.32,525.18,13635.21,0.2421,193.8,0.088,4955.54,51357.41,39.94,1731,367,15.5,Medium,Profitable
670,28,640,2024-10,63512.41,22737.13,4991.41,15597.91,1727.28,18458.68,0.2906,457.0,0.137,8701.2,54811.21,45.04,1967,650,22.7,Low,Profitable
671,28,671,2024-11,31823.83,12042.55,4954.97,17979.57,1357.66,-4510.92,-0.1417,626.5,0.049,1559.37,30264.46,22.57,1793,418,21.6,Low,Loss-Making
672,28,701,2024-12,68358.32,29783.16,4857.05,18545.05,819.57,14353.49,0.21,497.1,0.093,6357.32,62001.0,48.48,1636,578,29.6,Low,Profitable
673,29,1,2023-01,37941.14,12720.05,8759.65,16203.95,1522.76,-1265.27,-0.0333,525.6,0.259,9826.76,28114.38,32.32,1777,492,31.3,Medium,Break-Even
674,29,32,2023-02,86019.85,32278.97,9537.53,15059.27,939.2,28204.88,0.3279,282.1,0.313,26924.21,59095.64,73.27,1476,463,30.5,Medium,Highly-Profitable
675,29,60,2023-03,70965.98,29375.34,9252.09,15488.84,1384.31,15465.4,0.2179,152.9,0.319,22638.15,48327.83,60.45,896,361,21.5,Medium,Profitable
676,29,91,2023-04,40065.96,12939.39,9365.2,16580.18,1330.97,-149.78,-0.0037,317.5,0.299,11979.72,28086.24,34.13,2039,360,28.4,Medium,Break-Even
677,29,121,2023-05,68737.88,27760.57,8344.1,17472.86,1015.0,14145.35,0.2058,504.5,0.287,19727.77,49010.11,58.55,1435,212,33.0,Medium,Profitable
678,29,152,2023-06,66900.65,25736.5,8021.78,13724.3,837.11,18580.96,0.2777,570.4,0.307,20538.5,46362.15,56.99,1868,471,14.2,Medium,Profitable
679,29,182,2023-07,55936.45,20120.44,8860.49,16996.96,1705.28,8253.28,0.1475,492.4,0.265,14823.16,41113.29,47.65,1752,367,33.3,Medium,Profitable
680,29,213,2023-08,56561.38,18386.45,8847.53,16141.67,1677.63,11508.1,0.2035,410.1,0.354,20022.73,36538.65,48.18,1248,650,18.3,Medium,Profitable
681,29,244,2023-09,50055.13,18502.29,8417.31,17568.41,1173.59,4393.53,0.0878,243.8,0.315,15767.37,34287.76,42.64,1594,297,13.8,Medium,Break-Even
682,29,274,2023-10,39454.16,15696.19,9039.27,17882.59,932.34,-4096.23,-0.1038,462.9,0.36,14203.5,25250.66,33.61,2421,386,19.3,Medium,Loss-Making
683,29,305,2023-11,83380.08,36543.74,9204.16,17176.25,1227.38,19228.55,0.2306,395.5,0.269,22429.24,60950.84,71.02,1739,512,24.7,Medium,Profitable
684,29,335,2023-12,18122.55,6327.0,9046.26,18634.52,898.73,-16783.96,-0.9261,374.2,0.3,5436.76,12685.79,15.44,2246,482,15.3,Medium,Structural-Loss
685,29,366,2024-01,87514.04,38004.71,8902.17,19432.24,1107.46,20067.46,0.2293,459.5,0.291,25466.59,62047.45,74.54,1448,502,17.9,Medium,Highly-Profitable
686,29,397,2024-02,48840.08,16482.06,8804.02,16032.41,867.65,6653.94,0.1362,512.7,0.322,15726.51,33113.57,41.6,1192,237,24.1,Medium,Break-Even
687,29,426,2024-03,60100.02,25018.22,9718.53,16201.7,2128.42,7033.15,0.117,587.9,0.316,18991.61,41108.41,51.19,2060,525,16.7,Medium,Break-Even
688,29,457,2024-04,67441.73,27633.78,8886.0,17804.93,1461.0,11656.02,0.1728,329.2,0.373,25155.77,42285.96,57.45,1542,402,19.0,Medium,Profitable
689,29,487,2024-05,68222.39,24661.76,9426.78,16557.14,1448.76,16127.95,0.2364,488.5,0.309,21080.72,47141.67,58.11,1864,419,16.7,Medium,Profitable
690,29,518,2024-06,67117.71,29526.63,9216.12,16843.1,1140.65,10391.21,0.1548,306.7,0.257,17249.25,49868.46,57.17,2490,175,6.1,Medium,Profitable
691,29,548,2024-07,70157.85,30143.61,8676.69,13542.31,1661.31,16133.93,0.23,407.4,0.365,25607.62,44550.23,59.76,1176,517,19.4,Medium,Profitable
692,29,579,2024-08,89240.49,30209.55,9295.21,16383.43,1160.5,32191.8,0.3607,429.1,0.261,23291.77,65948.72,76.01,1481,473,23.1,Medium,Highly-Profitable
693,29,610,2024-09,44753.18,14495.85,8581.33,16384.89,959.97,4331.14,0.0968,598.8,0.246,11009.28,33743.9,38.12,1073,490,30.6,Medium,Break-Even
694,29,640,2024-10,71412.0,26832.41,8699.57,14456.83,1840.11,19583.08,0.2742,400.8,0.297,21209.36,50202.64,60.83,1802,329,21.7,Medium,Profitable
695,29,671,2024-11,67808.23,29159.78,9376.21,14960.45,1679.2,12632.59,0.1863,320.5,0.229,15528.08,52280.15,57.76,1823,252,23.0,Medium,Profitable
696,29,701,2024-12,18127.39,6753.89,8717.98,17276.25,2311.23,-16931.96,-0.9341,530.2,0.295,5347.58,12779.81,15.44,2562,336,27.5,Medium,Structural-Loss
697,30,1,2023-01,77347.94,26271.78,4325.16,10379.25,1388.23,34983.52,0.4523,490.4,0.332,25679.52,51668.42,48.25,1876,172,23.2,Low,Highly-Profitable
698,30,32,2023-02,74868.15,28045.58,4799.42,9283.61,870.69,31868.85,0.4257,640.4,0.274,20513.87,54354.28,46.71,2043,528,16.2,Low,Highly-Profitable
699,30,60,2023-03,66444.57,22490.41,4624.3,10212.92,1410.41,27706.53,0.417,359.1,0.258,17142.7,49301.87,41.45,1485,344,27.3,Low,Highly-Profitable
700,30,91,2023-04,79259.08,25782.72,4949.14,8336.46,992.4,39198.36,0.4946,574.2,0.25,19814.77,59444.31,49.44,1794,422,18.6,Low,Highly-Profitable
701,30,121,2023-05,65664.5,26269.63,4739.15,9563.41,1873.26,23219.05,0.3536,513.0,0.393,25806.15,39858.35,40.96,2051,474,28.9,Low,Highly-Profitable
702,30,152,2023-06,72059.14,23209.29,4673.87,9514.22,803.99,33857.77,0.4699,310.7,0.345,24860.4,47198.74,44.95,1324,422,15.0,Low,Highly-Profitable
703,30,182,2023-07,94447.78,40701.91,5052.85,10368.65,0.0,38324.37,0.4058,688.1,0.341,32206.69,62241.09,58.92,1896,339,12.2,Medium,Highly-Profitable
704,30,213,2023-08,50049.63,20478.47,4057.27,9161.33,1270.06,15082.5,0.3014,540.0,0.38,19018.86,31030.77,31.22,2067,224,17.7,Low,Profitable
705,30,244,2023-09,35628.15,13916.52,4741.53,9566.29,1578.87,5824.94,0.1635,671.2,0.34,12113.57,23514.58,22.23,1623,391,25.2,Low,Break-Even
706,30,274,2023-10,65763.83,27083.36,4496.79,9071.98,1580.58,23531.12,0.3578,573.5,0.318,20912.9,44850.93,41.03,1430,485,27.2,Low,Highly-Profitable
707,30,305,2023-11,70284.15,25751.37,4638.14,10898.87,1655.1,27340.67,0.389,346.1,0.345,24248.03,46036.12,43.85,2245,321,20.8,Low,Highly-Profitable
708,30,335,2023-12,47606.01,16636.79,4666.75,9928.58,1183.45,15190.44,0.3191,450.1,0.453,21565.52,26040.49,29.7,2094,208,19.1,Low,Profitable
709,30,366,2024-01,42617.97,17046.29,4765.65,10288.51,1668.37,8849.15,0.2076,445.9,0.376,16024.36,26593.61,26.59,2178,468,11.5,Low,Profitable
710,30,397,2024-02,70968.46,27386.94,4694.86,9952.33,806.38,28127.95,0.3963,535.0,0.358,25406.71,45561.75,44.27,2510,340,6.2,Low,Highly-Profitable
711,30,426,2024-03,60235.14,23748.1,4325.86,9449.02,1492.02,21220.14,0.3523,578.4,0.411,24756.64,35478.5,37.58,1374,423,14.8,Low,Highly-Profitable
712,30,457,2024-04,57418.59,20465.27,4819.55,8904.78,1765.38,21463.61,0.3738,394.7,0.346,19866.83,37551.76,35.82,1508,256,18.2,Low,Highly-Profitable
713,30,487,2024-05,87236.77,30631.65,4587.26,10518.96,654.34,40844.56,0.4682,544.1,0.404,35243.66,51993.11,54.42,1798,668,27.7,Low,Highly-Profitable
714,30,518,2024-06,61081.84,20344.4,4516.87,9836.61,1005.65,25378.31,0.4155,333.2,0.313,19118.62,41963.22,38.1,2108,516,22.1,Low,Highly-Profitable
715,30,548,2024-07,53821.31,21290.4,4646.8,9076.76,801.19,18006.16,0.3346,532.9,0.329,17707.21,36114.1,33.58,669,711,25.9,Low,Profitable
716,30,579,2024-08,53685.29,21194.0,4425.32,8718.87,1481.94,17865.16,0.3328,567.9,0.321,17232.98,36452.31,33.49,1572,323,31.0,Low,Profitable
717,30,610,2024-09,61077.65,22105.14,5060.33,9831.91,1193.37,22886.9,0.3747,447.3,0.336,20522.09,40555.56,38.1,1323,380,25.7,Medium,Highly-Profitable
718,30,640,2024-10,21874.12,8528.21,4343.44,9095.87,919.7,-1013.1,-0.0463,311.4,0.363,7940.31,13933.81,13.65,1766,347,18.7,Low,Break-Even
719,30,671,2024-11,77401.0,25291.39,4938.1,9056.32,1869.1,36246.09,0.4683,304.0,0.42,32508.42,44892.58,48.29,1156,611,18.1,Low,Highly-Profitable
720,30,701,2024-12,56042.06,21524.94,4737.51,10596.43,962.94,18220.24,0.3251,452.6,0.321,17989.5,38052.56,34.96,2091,419,22.4,Low,Profitable
721,31,1,2023-01,52561.82,20835.55,6421.72,18766.63,612.16,5925.76,0.1127,488.9,0.601,31589.65,20972.17,78.57,1639,637,17.3,Medium,Break-Even
722,31,32,2023-02,71801.18,26998.23,6522.15,16190.88,1005.47,21084.45,0.2937,457.5,0.587,42147.29,29653.89,107.33,2195,576,21.9,Medium,Highly-Profitable
723,31,60,2023-03,111112.33,42846.34,7034.96,18821.75,1363.94,41045.34,0.3694,291.3,0.541,60111.77,51000.56,166.09,1125,160,16.5,Medium,Highly-Profitable
724,31,91,2023-04,52129.57,20310.89,7077.71,17257.9,983.45,6499.62,0.1247,567.2,0.692,36073.66,16055.91,77.92,1621,342,13.5,Medium,Break-Even
725,31,121,2023-05,44400.72,19143.09,7023.07,19548.56,1534.85,-2848.85,-0.0642,509.1,0.464,20601.93,23798.79,66.37,1876,405,17.5,Medium,Loss-Making
726,31,152,2023-06,31784.82,12577.75,6741.74,16015.77,636.01,-4186.45,-0.1317,806.4,0.475,15097.79,16687.03,47.51,2159,477,29.3,Medium,Loss-Making
727,31,182,2023-07,92428.9,32734.18,6937.62,18041.89,1049.79,33665.42,0.3642,373.5,0.562,51945.04,40483.86,138.16,1962,400,10.5,Medium,Highly-Profitable
728,31,213,2023-08,65811.45,22260.23,6404.15,17126.32,1456.61,18564.14,0.2821,546.9,0.51,33563.84,32247.61,98.37,1389,424,30.8,Medium,Profitable
729,31,244,2023-09,47061.5,20446.61,6586.24,18424.16,1535.77,68.72,0.0015,595.2,0.515,24236.67,22824.83,70.35,1039,468,16.4,Medium,Break-Even
730,31,274,2023-10,66866.39,23661.32,6333.64,20211.67,338.4,16321.36,0.2441,601.5,0.457,30557.94,36308.45,99.95,2157,377,28.4,Medium,Profitable
731,31,305,2023-11,66851.19,25334.84,7128.21,17401.32,1277.67,15709.15,0.235,651.3,0.477,31888.02,34963.17,99.93,1895,554,25.9,Medium,Profitable
732,31,335,2023-12,56089.87,22287.66,6317.48,15753.41,969.43,10761.89,0.1919,541.9,0.571,32027.32,24062.55,83.84,1282,395,21.7,Medium,Profitable
733,31,366,2024-01,41590.34,16316.76,7189.14,18005.28,1204.93,-1125.77,-0.0271,282.9,0.483,20088.13,21502.21,62.17,1035,656,14.0,Medium,Break-Even
734,31,397,2024-02,46790.81,18389.67,6845.27,18978.95,1447.11,1129.81,0.0241,744.2,0.622,29103.88,17686.93,69.94,826,429,19.4,Medium,Break-Even
735,31,426,2024-03,42653.77,15936.72,6726.95,19480.26,837.6,-327.76,-0.0077,254.8,0.506,21582.81,21070.96,63.76,1363,526,20.0,Medium,Break-Even
736,31,457,2024-04,69350.9,26780.62,6579.16,14483.59,1658.13,19849.4,0.2862,386.0,0.529,36686.63,32664.27,103.66,1652,470,31.1,Medium,Profitable
737,31,487,2024-05,55650.69,24176.43,6506.88,16700.55,1025.25,7241.58,0.1301,371.6,0.577,32110.45,23540.24,83.18,1515,333,28.3,Medium,Break-Even
738,31,518,2024-06,36618.93,12052.47,6697.47,19336.89,885.16,-2353.06,-0.0643,458.5,0.621,22740.36,13878.57,54.74,1098,435,21.6,Medium,Loss-Making
739,31,548,2024-07,48253.38,18523.19,6799.48,17580.97,961.16,4388.58,0.0909,634.4,0.458,22100.05,26153.33,72.13,2062,186,17.9,Medium,Break-Even
740,31,579,2024-08,37818.24,14799.51,6792.62,14880.25,1378.1,-32.24,-0.0009,472.0,0.476,18001.48,19816.76,56.53,1569,695,18.3,Medium,Break-Even
741,31,610,2024-09,66054.96,25755.89,6627.07,19138.64,874.65,13658.71,0.2068,681.5,0.553,36528.39,29526.57,98.74,1513,343,20.7,Medium,Profitable
742,31,640,2024-10,38533.11,15539.47,6713.68,17814.99,1495.95,-3030.98,-0.0787,569.7,0.564,21732.67,16800.44,57.6,1770,403,22.4,Medium,Loss-Making
743,31,671,2024-11,66251.29,24641.17,6473.07,16409.24,927.69,17800.12,0.2687,361.9,0.498,32993.14,33258.15,99.03,2415,246,32.2,Medium,Profitable
744,31,701,2024-12,78800.81,26914.53,7028.84,15596.51,1807.15,27453.78,0.3484,384.8,0.544,42867.64,35933.17,117.79,1954,210,21.4,Medium,Highly-Profitable
745,32,1,2023-01,67974.13,22055.8,7709.86,32842.36,980.33,4385.78,0.0645,512.5,0.125,8496.77,59477.36,56.46,1944,246,45.1,Medium,Break-Even
746,32,32,2023-02,46145.94,15732.25,7666.71,28288.69,1049.94,-6591.65,-0.1428,195.9,0.02,922.92,45223.02,38.33,1760,475,6.6,Medium,Loss-Making
747,32,60,2023-03,80123.78,28693.43,7361.95,29664.77,1471.21,12932.42,0.1614,666.4,0.039,3124.83,76998.95,66.55,2416,455,27.1,Medium,Profitable
748,32,91,2023-04,61829.93,20276.19,7752.41,30349.0,1195.78,2256.55,0.0365,500.3,0.059,3647.97,58181.96,51.35,2802,463,26.8,Medium,Break-Even
749,32,121,2023-05,72206.01,23572.19,7572.66,28474.03,1407.7,11179.43,0.1548,257.2,0.164,11841.79,60364.22,59.97,1803,359,24.0,Medium,Profitable
750,32,152,2023-06,41358.17,14585.14,7601.93,34515.68,1730.11,-17074.69,-0.4128,525.8,0.062,2564.21,38793.96,34.35,1674,227,16.3,Medium,Structural-Loss
751,32,182,2023-07,73637.91,31228.41,7428.46,31774.26,639.8,2566.98,0.0349,478.8,0.162,11929.34,61708.57,61.16,2050,424,21.8,Medium,Break-Even
752,32,213,2023-08,83956.12,31196.0,7915.04,31920.84,1191.11,11733.13,0.1398,689.6,0.107,8983.3,74972.82,69.73,2080,527,28.0,Medium,Profitable
753,32,244,2023-09,55259.62,20901.48,7785.29,30264.89,614.81,-4306.85,-0.0779,584.7,0.079,4365.51,50894.11,45.9,1528,652,28.9,Medium,Loss-Making
754,32,274,2023-10,48227.84,17113.8,7281.32,29225.9,1614.81,-7007.99,-0.1453,401.6,0.17,8198.73,40029.11,40.06,2191,448,25.2,Medium,Loss-Making
755,32,305,2023-11,68810.22,26087.89,7806.11,31652.23,804.21,2459.78,0.0357,451.0,0.056,3853.37,64956.85,57.15,2088,559,21.1,Medium,Break-Even
756,32,335,2023-12,87447.47,37637.6,6956.66,25878.32,858.45,16116.44,0.1843,674.6,0.058,5071.95,82375.52,72.63,1831,406,27.2,Medium,Profitable
757,32,366,2024-01,33278.53,13764.22,8032.59,31996.44,977.49,-21492.21,-0.6458,334.2,0.107,3560.8,29717.73,27.64,1071,531,21.6,Medium,Structural-Loss
758,32,397,2024-02,42149.18,15646.52,8379.47,23017.96,1878.16,-6772.93,-0.1607,624.7,0.022,927.28,41221.9,35.01,1178,447,21.9,Medium,Loss-Making
759,32,426,2024-03,64897.61,21494.3,8324.75,28224.43,1830.28,5023.85,0.0774,745.3,0.073,4737.53,60160.08,53.9,1562,309,32.9,Medium,Break-Even
760,32,457,2024-04,35331.54,12463.69,7844.24,31917.19,1049.07,-17942.65,-0.5078,672.6,0.091,3215.17,32116.37,29.35,2295,293,17.8,Medium,Structural-Loss
761,32,487,2024-05,50148.23,19961.08,7626.49,27349.75,1682.16,-6471.25,-0.129,641.9,0.084,4212.45,45935.78,41.65,1814,232,13.8,Medium,Loss-Making
762,32,518,2024-06,51629.96,21169.0,7766.04,29435.12,1370.96,-8111.16,-0.1571,349.6,0.085,4388.55,47241.41,42.88,1497,385,22.6,Medium,Loss-Making
763,32,548,2024-07,47273.21,15945.41,6913.99,27991.04,781.81,-4359.04,-0.0922,549.2,0.177,8367.36,38905.85,39.26,1863,514,24.4,Medium,Loss-Making
764,32,579,2024-08,25323.65,8136.21,7788.8,32468.14,729.29,-23798.79,-0.9398,542.8,0.073,1848.63,23475.02,21.03,1683,405,24.2,Medium,Structural-Loss
765,32,610,2024-09,75553.77,24900.16,7877.18,26681.0,312.54,15782.89,0.2089,479.7,0.026,1964.4,73589.37,62.75,2599,436,35.1,Medium,Profitable
766,32,640,2024-10,48933.6,20531.4,7490.6,29857.83,1540.29,-10486.52,-0.2143,535.9,0.104,5089.09,43844.51,40.64,2679,171,25.9,Medium,Loss-Making
767,32,671,2024-11,51438.74,17638.88,7741.28,28955.04,1370.31,-4266.77,-0.0829,517.4,0.104,5349.63,46089.11,42.72,1066,529,7.3,Medium,Loss-Making
768,32,701,2024-12,69785.86,25146.07,7460.39,32008.19,1420.54,3750.67,0.0537,645.9,0.085,5931.8,63854.06,57.96,1167,410,12.6,Medium,Break-Even
769,33,1,2023-01,53481.84,19691.03,4301.87,21163.11,1163.6,7162.23,0.1339,491.5,0.149,7968.79,45513.05,54.97,1251,179,21.9,Low,Break-Even
770,33,32,2023-02,43235.55,18102.79,4401.98,21788.66,1140.55,-2198.43,-0.0508,252.2,0.195,8430.93,34804.62,44.44,1868,251,29.8,Low,Loss-Making
771,33,60,2023-03,59104.86,20386.98,3940.76,20480.11,1533.68,12763.33,0.2159,585.4,0.186,10993.5,48111.36,60.74,1756,377,20.7,Low,Profitable
772,33,91,2023-04,81949.19,31892.62,4462.78,21442.32,1285.95,22865.52,0.279,601.5,0.107,8768.56,73180.63,84.22,1676,130,15.8,Low,Highly-Profitable
773,33,121,2023-05,54982.07,19245.41,4550.6,19857.24,1246.97,10081.85,0.1834,758.6,0.157,8632.18,46349.89,56.51,1618,220,33.3,Low,Profitable
774,33,152,2023-06,59773.79,21858.48,4081.19,18231.12,1609.47,13993.53,0.2341,397.2,0.176,10520.19,49253.6,61.43,1751,354,28.1,Low,Profitable
775,33,182,2023-07,70808.61,30116.73,4116.39,19843.38,491.27,16240.84,0.2294,684.0,0.189,13382.83,57425.78,72.77,1635,513,27.9,Low,Profitable
776,33,213,2023-08,67709.19,28157.79,4067.39,19503.28,1107.69,14873.04,0.2197,325.0,0.143,9682.41,58026.78,69.59,1618,411,15.1,Low,Profitable
777,33,244,2023-09,71380.48,23091.11,3896.12,21319.91,619.53,22453.81,0.3146,568.5,0.146,10421.55,60958.93,73.36,1432,383,24.9,Low,Highly-Profitable
778,33,274,2023-10,81967.01,31360.0,4080.12,20213.78,754.0,25559.11,0.3118,259.5,0.112,9180.31,72786.7,84.24,2069,272,18.1,Low,Highly-Profitable
779,33,305,2023-11,55365.63,22229.62,4289.16,21941.99,988.04,5916.82,0.1069,478.7,0.13,7197.53,48168.1,56.9,1346,552,30.6,Low,Break-Even
780,33,335,2023-12,93138.6,31507.41,3803.91,17434.05,1304.7,39088.53,0.4197,457.5,0.155,14436.48,78702.12,95.72,1156,430,28.8,Low,Highly-Profitable
781,33,366,2024-01,48141.1,19833.27,3814.01,21824.29,1277.46,1392.07,0.0289,579.4,0.203,9772.64,38368.46,49.48,2136,424,20.5,Low,Break-Even
782,33,397,2024-02,78238.34,33387.21,4015.25,21370.69,1245.93,18219.26,0.2329,440.1,0.085,6650.26,71588.08,80.41,1295,610,3.0,Low,Profitable
783,33,426,2024-03,44688.33,17412.9,4108.75,20039.63,1825.35,1301.7,0.0291,480.7,0.093,4156.01,40532.32,45.93,2802,469,17.7,Low,Break-Even
784,33,457,2024-04,53270.57,17415.11,4456.64,18761.77,1715.35,10921.7,0.205,430.7,0.229,12198.96,41071.61,54.75,2192,446,28.3,Low,Profitable
785,33,487,2024-05,93276.07,40975.48,4269.43,19013.76,982.31,28035.09,0.3006,127.1,0.116,10820.02,82456.05,95.86,1632,596,23.7,Low,Highly-Profitable
786,33,518,2024-06,63994.19,20927.96,3848.92,22804.8,466.31,15946.2,0.2492,522.8,0.183,11710.94,52283.25,65.77,2076,392,8.6,Low,Profitable
787,33,548,2024-07,72815.59,30096.54,4087.56,22271.79,526.74,15832.96,0.2174,451.7,0.178,12961.18,59854.41,74.84,2342,431,20.2,Low,Profitable
788,33,579,2024-08,72194.44,23758.95,4067.71,22580.82,1194.43,20592.53,0.2852,624.3,0.202,14583.28,57611.16,74.2,1828,522,22.2,Low,Highly-Profitable
789,33,610,2024-09,76695.4,25846.84,3935.76,19426.63,1296.59,26189.58,0.3415,429.4,0.21,16106.03,60589.37,78.82,1794,522,15.8,Low,Highly-Profitable
790,33,640,2024-10,85179.2,33179.0,4369.94,21277.58,1067.94,25284.74,0.2968,440.6,0.095,8092.02,77087.18,87.54,1360,236,22.0,Low,Highly-Profitable
791,33,671,2024-11,61251.49,26782.69,3647.75,23269.57,1569.44,5982.04,0.0977,591.6,0.13,7962.69,53288.8,62.95,2459,283,14.4,Low,Break-Even
792,33,701,2024-12,72275.53,25863.18,4293.18,20127.29,1371.08,20620.8,0.2853,343.6,0.115,8311.69,63963.84,74.28,1654,277,6.8,Low,Highly-Profitable
793,34,1,2023-01,52078.13,17290.47,7185.43,16873.85,815.86,9912.52,0.1903,504.9,0.084,4374.56,47703.57,26.91,2511,339,32.9,Medium,Profitable
794,34,32,2023-02,67511.07,24221.55,7708.35,18812.41,1832.92,14935.84,0.2212,415.2,0.165,11139.33,56371.74,34.89,1831,194,11.7,Medium,Profitable
795,34,60,2023-03,73348.3,24915.73,7518.29,19078.12,1070.93,20765.23,0.2831,442.6,0.034,2493.84,70854.46,37.91,1849,398,21.4,Medium,Highly-Profitable
796,34,91,2023-04,53315.98,20622.99,7577.01,18143.92,1168.19,5803.87,0.1089,302.3,0.072,3838.75,49477.23,27.55,2070,602,37.2,Medium,Break-Even
797,34,121,2023-05,65764.06,24960.3,8075.38,19250.3,1115.28,12362.8,0.188,491.4,0.124,8154.74,57609.32,33.99,2618,392,22.8,Medium,Profitable
798,34,152,2023-06,61523.38,25808.76,7276.89,20817.87,1691.0,5928.86,0.0964,453.5,0.02,1230.47,60292.91,31.8,2411,318,13.0,Medium,Break-Even
799,34,182,2023-07,62172.42,24576.79,7458.28,20534.81,1517.61,8084.93,0.13,401.5,0.099,6155.07,56017.35,32.13,2024,510,20.5,Medium,Profitable
800,34,213,2023-08,86822.35,31205.4,6860.62,18028.25,1070.69,29657.39,0.3416,740.6,0.057,4948.87,81873.48,44.87,2315,616,30.7,Medium,Highly-Profitable
801,34,244,2023-09,72885.82,24183.02,6902.74,21393.66,1073.54,19332.86,0.2652,580.3,0.111,8090.33,64795.49,37.67,2643,468,19.2,Medium,Profitable
802,34,274,2023-10,83390.34,29628.4,7448.24,18982.87,1073.52,26257.31,0.3149,725.7,0.115,9589.89,73800.45,43.1,1802,446,16.8,Medium,Highly-Profitable
803,34,305,2023-11,59085.35,21134.17,6862.7,17327.27,1468.04,12293.17,0.2081,554.3,0.05,2954.27,56131.08,30.54,1735,480,23.1,Medium,Profitable
804,34,335,2023-12,75870.3,29482.51,7298.13,18255.53,1463.48,19370.65,0.2553,588.9,0.061,4628.09,71242.21,39.21,1521,407,23.2,Medium,Profitable
805,34,366,2024-01,76786.02,24609.58,7342.97,19911.95,1052.44,23869.08,0.3109,536.4,0.103,7908.96,68877.06,39.68,2320,404,23.2,Medium,Highly-Profitable
806,34,397,2024-02,57491.17,21067.25,7736.53,18632.64,1082.82,8971.93,0.1561,378.2,0.131,7531.34,49959.83,29.71,1701,136,19.7,Medium,Profitable
807,34,426,2024-03,53604.02,21344.03,7503.58,18106.66,1135.61,5514.14,0.1029,569.6,0.104,5574.82,48029.2,27.7,1698,373,15.6,Medium,Break-Even
808,34,457,2024-04,34662.22,11691.67,7523.39,18224.34,1351.57,-4128.75,-0.1191,579.2,0.125,4332.78,30329.44,17.91,2059,444,23.3,Medium,Loss-Making
809,34,487,2024-05,76793.71,27334.74,7504.02,14678.53,978.01,26298.41,0.3425,448.5,0.111,8524.1,68269.61,39.69,2016,537,28.3,Medium,Highly-Profitable
810,34,518,2024-06,56458.31,18947.93,6940.7,18268.88,1404.92,10895.88,0.193,516.2,0.04,2258.33,54199.98,29.18,1732,219,27.7,Medium,Profitable
811,34,548,2024-07,67653.77,24979.85,7136.0,19911.05,1142.38,14484.49,0.2141,396.9,0.109,7374.26,60279.51,34.96,1762,475,18.7,Medium,Profitable
812,34,579,2024-08,52974.15,22770.28,7246.87,20213.63,1130.72,1612.65,0.0304,325.7,0.031,1642.2,51331.95,27.38,1894,120,24.7,Medium,Break-Even
813,34,610,2024-09,51638.6,20996.84,7474.92,15229.62,1180.35,6756.87,0.1308,505.0,0.162,8365.45,43273.15,26.69,2030,447,22.6,Medium,Break-Even
814,34,640,2024-10,83230.1,32847.14,6764.69,19609.55,1092.86,22915.86,0.2753,732.5,0.059,4910.58,78319.52,43.01,2008,405,17.6,Medium,Highly-Profitable
815,34,671,2024-11,86991.63,34629.31,7157.83,20481.5,1168.85,23554.14,0.2708,300.8,0.056,4871.53,82120.1,44.96,2310,292,25.9,Medium,Highly-Profitable
816,34,701,2024-12,64521.06,27495.33,7775.97,18924.53,1187.47,9137.76,0.1416,464.6,0.099,6387.58,58133.48,33.34,1991,380,22.2,Medium,Profitable
817,35,1,2023-01,69208.25,28759.38,9152.8,17910.27,1399.96,11985.84,0.1732,776.4,0.486,33635.21,35573.04,35.9,2222,218,20.1,Medium,Profitable
818,35,32,2023-02,65484.88,22287.43,9258.99,16200.59,1118.74,16619.13,0.2538,825.4,0.517,33855.68,31629.2,33.97,1438,232,15.0,Medium,Profitable
819,35,60,2023-03,90983.32,38141.05,9100.47,17080.24,1082.27,25579.29,0.2811,368.7,0.498,45309.69,45673.63,47.19,1987,497,13.5,Medium,Highly-Profitable
820,35,91,2023-04,47864.05,15600.51,9625.7,17717.02,1713.31,3207.51,0.067,231.5,0.496,23740.57,24123.48,24.83,2170,423,22.8,Medium,Break-Even
821,35,121,2023-05,59555.39,21372.78,8584.77,19070.77,1550.48,8976.59,0.1507,531.7,0.469,27931.48,31623.91,30.89,1967,156,24.3,Medium,Profitable
822,35,152,2023-06,53445.54,22258.03,8999.35,17338.93,949.33,3899.9,0.073,301.0,0.582,31105.3,22340.24,27.72,1410,328,23.8,Medium,Break-Even
823,35,182,2023-07,62628.34,20194.98,8585.0,18725.91,1860.84,13261.61,0.2118,307.9,0.585,36637.58,25990.76,32.48,1807,333,23.9,Medium,Profitable
824,35,213,2023-08,72807.7,29204.56,9626.52,18737.0,1206.55,14033.07,0.1927,559.3,0.436,31744.16,41063.54,37.76,2062,647,32.4,Medium,Profitable
825,35,244,2023-09,62721.76,27210.24,8435.6,19790.03,931.1,6354.79,0.1013,319.3,0.493,30921.83,31799.93,32.53,2783,484,24.1,Medium,Break-Even
826,35,274,2023-10,69435.57,25701.33,9408.56,17783.51,1274.39,15267.78,0.2199,388.5,0.669,46452.4,22983.17,36.01,2046,718,19.9,Medium,Profitable
827,35,305,2023-11,52356.91,20754.06,8481.4,20517.22,1298.7,1305.53,0.0249,503.0,0.556,29110.44,23246.47,27.16,1854,363,37.4,Medium,Break-Even
828,35,335,2023-12,61677.83,22061.68,8918.4,19005.65,1268.38,10423.72,0.169,98.0,0.602,37130.05,24547.78,31.99,1205,389,14.3,Medium,Profitable
829,35,366,2024-01,81431.48,28663.48,8435.15,19440.05,1640.89,23251.91,0.2855,324.6,0.537,43728.7,37702.78,42.24,1504,290,23.3,Medium,Highly-Profitable
830,35,397,2024-02,73863.12,24318.54,8678.78,20497.55,1311.61,19056.64,0.258,375.0,0.479,35380.43,38482.69,38.31,2175,469,20.1,Medium,Profitable
831,35,426,2024-03,76107.14,32490.73,8650.11,16629.53,1144.14,17192.63,0.2259,424.1,0.497,37825.25,38281.89,39.47,1085,467,26.7,Medium,Profitable
832,35,457,2024-04,56948.49,21415.08,8699.68,19266.05,1249.46,6318.22,0.1109,371.8,0.465,26481.05,30467.44,29.54,1389,362,25.1,Medium,Break-Even
833,35,487,2024-05,39854.94,14447.9,9064.27,18379.84,552.69,-2589.76,-0.065,664.6,0.594,23673.83,16181.11,20.67,1391,579,22.7,Medium,Loss-Making
834,35,518,2024-06,72699.24,27149.32,8996.3,16227.63,1378.51,18947.48,0.2606,620.5,0.459,33368.95,39330.29,37.71,2234,536,18.3,Medium,Profitable
835,35,548,2024-07,61350.61,23379.56,8920.9,16456.7,967.13,11626.32,0.1895,703.0,0.582,35706.06,25644.55,31.82,1691,551,19.2,Medium,Profitable
836,35,579,2024-08,84171.67,30697.7,8038.33,16947.61,1535.31,26952.72,0.3202,585.9,0.545,45873.56,38298.11,43.66,2216,579,13.1,Medium,Highly-Profitable
837,35,610,2024-09,63377.78,27684.58,8969.67,16699.65,1110.66,8913.22,0.1406,329.4,0.561,35554.93,27822.85,32.87,2003,480,23.8,Medium,Profitable
838,35,640,2024-10,75758.61,26371.64,8437.72,19056.45,1372.84,20519.96,0.2709,590.4,0.511,38712.65,37045.96,39.29,1371,604,15.4,Medium,Highly-Profitable
839,35,671,2024-11,44584.94,15625.55,7866.2,16800.72,1138.39,3154.08,0.0707,461.8,0.438,19528.2,25056.74,23.12,1674,651,28.8,Medium,Break-Even
840,35,701,2024-12,71468.6,31436.79,8592.75,19746.66,1240.18,10452.22,0.1462,503.6,0.528,37735.42,33733.18,37.07,1631,453,23.0,Medium,Profitable
841,36,1,2023-01,41676.21,14219.38,8472.17,19081.66,2174.65,-2271.65,-0.0545,755.5,0.072,3000.69,38675.52,82.53,1414,348,10.8,Medium,Loss-Making
842,36,32,2023-02,57007.12,23631.32,8562.48,17471.76,1172.08,6169.48,0.1082,769.0,0.081,4617.58,52389.54,112.89,1044,285,20.6,Medium,Break-Even
843,36,60,2023-03,53292.24,21125.65,9051.19,18103.58,867.39,4144.43,0.0778,328.9,0.029,1545.47,51746.77,105.53,1139,56,29.1,Medium,Break-Even
844,36,91,2023-04,85609.25,28801.17,9427.4,17745.52,1361.62,28273.54,0.3303,345.8,0.055,4708.51,80900.74,169.52,1539,330,16.1,Medium,Highly-Profitable
845,36,121,2023-05,36843.43,15507.74,8599.87,19770.93,1413.35,-8448.46,-0.2293,532.6,0.059,2173.76,34669.67,72.96,1452,407,24.1,Medium,Loss-Making
846,36,152,2023-06,68999.13,25623.65,9101.54,18879.61,1115.09,14279.24,0.2069,585.0,0.057,3932.95,65066.18,136.63,838,411,25.9,Medium,Profitable
847,36,182,2023-07,43403.61,18420.51,9173.56,19429.33,2188.43,-5808.22,-0.1338,540.2,0.03,1302.11,42101.5,85.95,1852,346,22.2,Medium,Loss-Making
848,36,213,2023-08,98872.17,42511.4,8723.39,18149.21,1303.62,28184.55,0.2851,350.9,0.056,5536.84,93335.33,195.79,1611,565,11.6,Medium,Highly-Profitable
849,36,244,2023-09,65485.71,26727.01,8128.49,18589.84,988.8,11051.57,0.1688,305.3,0.164,10739.66,54746.05,129.67,1999,503,20.8,Medium,Profitable
850,36,274,2023-10,82574.4,30218.7,9166.93,18664.82,929.12,23594.83,0.2857,704.8,0.183,15111.12,67463.28,163.51,2207,543,28.2,Medium,Highly-Profitable
851,36,305,2023-11,44629.38,16317.81,9807.05,20801.04,703.41,-2999.93,-0.0672,585.4,0.099,4418.31,40211.07,88.38,1566,374,15.9,Medium,Loss-Making
852,36,335,2023-12,66085.21,25427.73,8988.78,18306.29,1166.23,12196.18,0.1846,339.4,0.112,7401.54,58683.67,130.86,2701,290,9.2,Medium,Profitable
853,36,366,2024-01,66127.72,25033.49,8129.17,18411.88,805.73,13747.45,0.2079,501.8,0.02,1322.55,64805.17,130.95,2879,477,17.3,Medium,Profitable
854,36,397,2024-02,70907.99,29378.03,8330.61,20664.29,2133.34,10401.72,0.1467,421.1,0.13,9218.04,61689.95,140.41,1603,407,23.4,Medium,Profitable
855,36,426,2024-03,76395.37,31424.84,9044.4,17799.21,1667.21,16459.71,0.2155,619.5,0.066,5042.09,71353.28,151.28,1901,244,16.1,Medium,Profitable
856,36,457,2024-04,81749.69,26726.07,8650.25,22528.42,615.87,23229.08,0.2841,565.5,0.117,9564.71,72184.98,161.88,1422,339,28.4,Medium,Highly-Profitable
857,36,487,2024-05,65985.6,26873.89,8703.11,18579.14,1307.95,10521.51,0.1595,506.8,0.106,6994.47,58991.13,130.66,1934,553,23.2,Medium,Profitable
858,36,518,2024-06,55557.64,18010.09,8512.66,16221.25,928.2,11885.44,0.2139,559.4,0.153,8500.32,47057.32,110.02,2419,395,30.6,Medium,Profitable
859,36,548,2024-07,57779.21,20820.57,8497.86,18375.19,1238.01,8847.58,0.1531,425.2,0.143,8262.43,49516.78,114.41,1607,519,28.0,Medium,Profitable
860,36,579,2024-08,65063.82,27704.65,8680.2,20041.71,718.05,7919.21,0.1217,405.7,0.114,7417.28,57646.54,128.84,1518,436,22.6,Medium,Break-Even
861,36,610,2024-09,88692.87,33243.24,8250.63,19185.69,1098.97,26914.34,0.3035,638.2,0.125,11086.61,77606.26,175.63,1701,210,23.8,Medium,Highly-Profitable
862,36,640,2024-10,45420.58,14981.28,8827.94,18871.26,1030.65,1709.45,0.0376,382.6,0.094,4269.53,41151.05,89.94,1567,227,15.9,Medium,Break-Even
863,36,671,2024-11,75072.74,28719.66,9391.22,18041.99,802.15,18117.72,0.2413,606.8,0.02,1501.45,73571.29,148.66,1650,418,14.8,Medium,Profitable
864,36,701,2024-12,37708.68,13342.57,8664.99,21244.69,615.02,-6158.59,-0.1633,644.6,0.067,2526.48,35182.2,74.67,1310,309,21.2,Medium,Loss-Making
865,37,1,2023-01,71161.84,26300.51,7058.45,20333.12,1309.31,16160.45,0.2271,295.1,0.577,41060.38,30101.46,33.68,2547,377,9.0,Medium,Profitable
866,37,32,2023-02,77459.48,30708.65,7082.58,22869.84,1323.11,15475.3,0.1998,361.5,0.606,46940.44,30519.04,36.66,2408,210,27.2,Medium,Profitable
867,37,60,2023-03,66295.59,25983.5,6507.28,22000.53,1947.73,9856.55,0.1487,373.1,0.504,33412.98,32882.61,31.38,2478,646,22.4,Medium,Profitable
868,37,91,2023-04,32727.03,12727.69,6425.26,25041.88,1137.39,-12605.19,-0.3852,496.7,0.505,16527.15,16199.88,15.49,1394,369,22.0,Medium,Loss-Making
869,37,121,2023-05,46488.39,19054.34,6963.69,23603.44,760.89,-3893.97,-0.0838,353.8,0.603,28032.5,18455.89,22.0,1873,441,11.6,Medium,Loss-Making
870,37,152,2023-06,47591.25,18624.05,6737.06,22949.46,1578.57,-2297.89,-0.0483,727.2,0.5,23795.62,23795.63,22.52,1243,353,19.6,Medium,Loss-Making
871,37,182,2023-07,89186.94,31214.83,6676.85,20993.83,420.36,29881.07,0.335,606.6,0.525,46823.14,42363.8,42.21,2158,319,18.8,Medium,Highly-Profitable
872,37,213,2023-08,75156.07,29890.77,6900.9,18278.6,1041.32,19044.48,0.2534,545.7,0.544,40884.9,34271.17,35.57,1610,243,24.6,Medium,Profitable
873,37,244,2023-09,74996.72,31045.1,6434.99,19972.7,553.33,16990.6,0.2266,475.1,0.518,38848.3,36148.42,35.49,1705,671,24.1,Medium,Profitable
874,37,274,2023-10,60013.96,23109.08,7208.53,23891.83,1500.07,4304.45,0.0717,535.6,0.654,39249.13,20764.83,28.4,1989,577,20.9,Medium,Break-Even
875,37,305,2023-11,49313.74,18111.71,7091.46,23668.54,1420.74,-978.71,-0.0198,582.5,0.59,29095.11,20218.63,23.34,2129,506,13.6,Medium,Break-Even
876,37,335,2023-12,62326.5,27403.76,6605.0,21396.65,503.7,6417.39,0.103,588.6,0.531,33095.37,29231.13,29.5,2857,323,18.2,Medium,Break-Even
877,37,366,2024-01,96713.56,33763.13,7495.4,19703.51,1663.68,34087.84,0.3525,697.6,0.574,55513.58,41199.98,45.77,1766,565,23.5,Medium,Highly-Profitable
878,37,397,2024-02,76578.12,27439.28,7429.59,22289.85,757.49,18661.91,0.2437,146.2,0.558,42730.59,33847.53,36.24,1866,455,22.9,Medium,Profitable
879,37,426,2024-03,90748.58,32726.35,6965.58,25121.11,1678.1,24257.44,0.2673,393.0,0.591,53632.41,37116.17,42.95,2558,367,30.5,Medium,Highly-Profitable
880,37,457,2024-04,74934.58,25798.13,7202.47,22102.33,1602.88,18228.77,0.2433,527.1,0.543,40689.48,34245.1,35.46,1548,426,15.2,Medium,Profitable
881,37,487,2024-05,63736.96,25345.49,6778.51,19296.86,1199.06,11117.04,0.1744,537.8,0.52,33143.22,30593.74,30.16,1912,359,17.2,Medium,Profitable
882,37,518,2024-06,37854.66,15821.28,6895.64,22526.42,931.75,-8320.43,-0.2198,346.7,0.591,22372.1,15482.56,17.92,1363,341,16.1,Medium,Loss-Making
883,37,548,2024-07,45971.13,17114.55,6156.34,22600.36,988.39,-888.51,-0.0193,780.4,0.531,24410.67,21560.46,21.76,2391,404,28.6,Medium,Break-Even
884,37,579,2024-08,56315.0,18100.66,6378.52,20144.84,805.8,10885.18,0.1933,753.9,0.545,30691.68,25623.32,26.65,1937,215,22.4,Medium,Profitable
885,37,610,2024-09,73168.6,27229.0,6768.14,22370.21,2048.66,14752.59,0.2016,430.6,0.564,41267.09,31901.51,34.63,1970,651,24.9,Medium,Profitable
886,37,640,2024-10,65936.88,24233.38,7015.38,19063.18,1322.87,14302.07,0.2169,649.8,0.412,27165.99,38770.89,31.21,2032,503,40.4,Medium,Profitable
887,37,671,2024-11,58980.44,22398.28,7092.78,20443.87,859.5,8186.01,0.1388,625.3,0.579,34149.67,24830.77,27.91,1602,410,22.0,Medium,Profitable
888,37,701,2024-12,92412.02,31738.34,6632.03,21969.02,971.95,31100.68,0.3365,400.0,0.553,51103.85,41308.17,43.73,975,515,24.0,Medium,Highly-Profitable
889,38,1,2023-01,17543.0,7551.38,6519.99,17833.15,1798.03,-16159.55,-0.9211,530.5,0.342,5999.71,11543.29,16.98,1944,467,23.2,Medium,Structural-Loss
890,38,32,2023-02,57040.74,23060.77,6300.99,17931.77,1625.98,8121.23,0.1424,485.7,0.305,17397.43,39643.31,55.22,1470,473,28.6,Medium,Profitable
891,38,60,2023-03,77005.94,24652.32,7107.61,17023.44,1549.12,26673.45,0.3464,481.8,0.3,23101.78,53904.16,74.55,2395,328,21.3,Medium,Highly-Profitable
892,38,91,2023-04,66582.34,23409.75,6774.22,17209.28,1203.2,17985.89,0.2701,683.8,0.357,23769.9,42812.44,64.46,2155,431,25.8,Medium,Profitable
893,38,121,2023-05,45174.53,15034.1,6780.0,18785.07,1305.74,3269.62,0.0724,347.7,0.408,18431.21,26743.32,43.73,1821,404,32.0,Medium,Break-Even
894,38,152,2023-06,61570.68,20935.66,6240.14,17643.1,930.42,15821.36,0.257,480.0,0.3,18471.2,43099.48,59.6,1338,208,17.3,Medium,Profitable
895,38,182,2023-07,90694.81,35347.9,6462.93,18202.09,1533.3,29148.59,0.3214,316.7,0.402,36459.31,54235.5,87.8,1970,395,27.1,Medium,Highly-Profitable
896,38,213,2023-08,48795.09,16944.27,6064.25,17173.74,641.27,7971.56,0.1634,440.7,0.34,16590.33,32204.76,47.24,1568,326,12.0,Medium,Break-Even
897,38,244,2023-09,67418.96,27807.39,6363.4,16700.6,1155.55,15392.02,0.2283,542.0,0.376,25349.53,42069.43,65.27,1737,369,26.1,Medium,Profitable
898,38,274,2023-10,71129.95,23616.54,6931.32,15529.43,1494.79,23557.87,0.3312,469.3,0.354,25180.0,45949.95,68.86,2096,435,20.0,Medium,Highly-Profitable
899,38,305,2023-11,85276.77,35917.58,5962.12,17981.21,1279.27,24136.59,0.283,971.7,0.305,26009.41,59267.36,82.55,1823,282,21.8,Medium,Highly-Profitable
900,38,335,2023-12,90961.19,34237.54,7577.4,18999.24,509.8,29637.21,0.3258,429.9,0.309,28107.01,62854.18,88.06,1793,269,13.1,Medium,Highly-Profitable
901,38,366,2024-01,54183.03,20731.43,7202.74,19378.29,1385.13,5485.44,0.1012,492.6,0.328,17772.03,36411.0,52.45,1966,291,12.5,Medium,Break-Even
902,38,397,2024-02,54755.29,18455.95,6305.49,17924.3,1159.84,10909.71,0.1992,368.3,0.296,16207.57,38547.72,53.01,2490,550,18.7,Medium,Profitable
903,38,426,2024-03,54387.44,18685.2,6874.34,15768.44,804.5,12254.96,0.2253,505.5,0.327,17784.69,36602.75,52.65,1604,571,27.8,Medium,Profitable
904,38,457,2024-04,34591.78,14497.78,6917.86,19162.43,1350.16,-7336.45,-0.2121,503.9,0.37,12798.96,21792.82,33.49,2506,476,18.6,Medium,Loss-Making
905,38,487,2024-05,76069.97,30152.24,6264.52,16968.49,445.08,22239.64,0.2924,620.9,0.385,29286.94,46783.03,73.64,1206,397,11.9,Medium,Highly-Profitable
906,38,518,2024-06,55432.3,23489.77,6726.74,17764.65,1059.76,6391.38,0.1153,324.4,0.268,14855.86,40576.44,53.66,1593,453,24.7,Medium,Break-Even
907,38,548,2024-07,77205.68,28858.61,6785.39,18718.06,554.78,22288.84,0.2887,508.4,0.421,32503.59,44702.09,74.74,1729,582,32.0,Medium,Highly-Profitable
908,38,579,2024-08,103350.41,40806.09,6985.56,17819.85,2069.58,35669.33,0.3451,235.7,0.283,29248.17,74102.24,100.05,1759,210,26.3,Medium,Highly-Profitable
909,38,610,2024-09,16853.65,6685.55,6558.33,18663.51,1283.0,-16336.74,-0.9693,322.1,0.341,5747.09,11106.56,16.32,2062,370,36.5,Medium,Structural-Loss
910,38,640,2024-10,60801.44,19824.89,6574.03,19400.25,1325.27,13677.0,0.2249,415.6,0.334,20307.68,40493.76,58.86,1800,438,20.7,Medium,Profitable
911,38,671,2024-11,67803.82,22361.04,5988.94,17757.05,1287.0,20409.79,0.301,435.1,0.445,30172.7,37631.12,65.64,2754,252,34.5,Medium,Highly-Profitable
912,38,701,2024-12,41232.44,16248.67,6596.61,15067.99,734.01,2585.16,0.0627,540.5,0.344,14183.96,27048.48,39.92,1679,361,4.2,Medium,Break-Even
913,39,1,2023-01,63312.23,25596.13,11070.82,20848.46,1846.14,3950.68,0.0624,486.3,0.047,2975.67,60336.56,55.1,1362,478,26.8,High,Break-Even
914,39,32,2023-02,76211.86,26661.29,11099.38,19522.63,1869.89,17058.67,0.2238,415.8,0.103,7849.82,68362.04,66.33,1495,403,18.0,High,Profitable
915,39,60,2023-03,93694.33,36970.28,11147.43,16363.07,1314.98,27898.57,0.2978,541.8,0.153,14335.23,79359.1,81.54,1171,506,28.5,High,Highly-Profitable
916,39,91,2023-04,65217.78,21617.57,9932.72,19669.79,948.61,13049.09,0.2001,569.4,0.124,8087.0,57130.78,56.76,1624,490,24.8,Medium,Profitable
917,39,121,2023-05,63280.23,22185.74,11658.42,19180.55,676.73,9578.79,0.1514,507.9,0.127,8036.59,55243.64,55.07,2148,540,24.0,High,Profitable
918,39,152,2023-06,68939.48,24079.85,11094.99,20000.96,1440.48,12323.2,0.1788,403.2,0.088,6066.67,62872.81,60.0,2302,534,29.3,High,Profitable
919,39,182,2023-07,53576.97,17754.68,11835.25,17256.26,1299.35,5431.43,0.1014,657.0,0.129,6911.43,46665.54,46.63,2002,366,28.6,High,Break-Even
920,39,213,2023-08,70915.44,27722.2,11435.04,19195.85,952.13,11610.22,0.1637,635.9,0.127,9006.26,61909.18,61.72,3138,419,6.4,High,Profitable
921,39,244,2023-09,44015.22,17500.05,11440.08,20438.41,1156.2,-6519.52,-0.1481,495.8,0.331,14569.04,29446.18,38.31,1559,322,29.1,High,Loss-Making
922,39,274,2023-10,59767.05,19856.65,11076.2,18661.28,383.9,9789.02,0.1638,484.4,0.124,7411.11,52355.94,52.02,2467,535,29.1,High,Profitable
923,39,305,2023-11,74706.87,27738.99,10961.09,19070.69,1558.78,15377.32,0.2058,475.4,0.099,7395.98,67310.89,65.02,1352,343,26.4,High,Profitable
924,39,335,2023-12,50855.92,18909.07,10061.19,18526.46,1353.64,2005.56,0.0394,474.5,0.215,10934.02,39921.9,44.26,1969,428,29.7,High,Break-Even
925,39,366,2024-01,51334.58,18270.85,11079.23,17124.02,1625.92,3234.56,0.063,604.5,0.13,6673.5,44661.08,44.68,1663,440,20.6,High,Break-Even
926,39,397,2024-02,63080.82,24091.99,11177.49,18503.26,1284.96,8023.12,0.1272,460.7,0.147,9272.88,53807.94,54.9,2186,388,39.5,High,Profitable
927,39,426,2024-03,56856.99,21315.71,10154.65,20409.22,911.78,4065.63,0.0715,250.0,0.247,14043.68,42813.31,49.48,1304,465,14.0,High,Break-Even
928,39,457,2024-04,58521.97,23182.74,11430.92,16845.08,963.67,6099.56,0.1042,655.2,0.129,7549.33,50972.64,50.93,2484,400,24.7,High,Break-Even
929,39,487,2024-05,85861.68,27982.92,10652.64,17287.9,1288.51,28649.71,0.3337,364.8,0.137,11763.05,74098.63,74.73,1766,386,18.7,High,Highly-Profitable
930,39,518,2024-06,73803.7,27420.42,11212.59,17274.79,1704.89,16191.01,0.2194,562.0,0.174,12841.84,60961.86,64.23,1273,338,22.8,High,Profitable
931,39,548,2024-07,8197.58,3525.6,10470.18,21367.22,641.84,-27807.26,-3.3921,754.6,0.129,1057.49,7140.09,7.13,1621,666,20.7,High,Structural-Loss
932,39,579,2024-08,48701.68,19967.95,10687.39,16677.8,1846.99,-478.45,-0.0098,616.5,0.094,4577.96,44123.72,42.39,2256,453,24.1,High,Break-Even
933,39,610,2024-09,50394.82,16713.39,11597.31,21886.2,689.83,-491.91,-0.0098,589.7,0.205,10330.94,40063.88,43.86,2868,490,21.6,High,Break-Even
934,39,640,2024-10,77355.15,26192.56,10334.86,20388.89,453.77,19985.07,0.2584,656.1,0.14,10829.72,66525.43,67.32,1507,514,23.9,High,Profitable
935,39,671,2024-11,73628.49,26983.2,11706.29,19802.71,1843.73,13292.56,0.1805,437.7,0.211,15535.61,58092.88,64.08,1748,520,23.6,High,Profitable
936,39,701,2024-12,65735.43,22787.36,10101.75,21659.89,1884.42,9302.01,0.1415,703.9,0.129,8479.87,57255.56,57.21,1754,380,18.0,High,Profitable
937,40,1,2023-01,56656.34,19328.88,3123.16,14589.5,729.95,18884.85,0.3333,531.2,0.306,17336.84,39319.5,97.01,2437,304,27.8,Low,Profitable
938,40,32,2023-02,63721.91,20889.33,3414.91,16073.14,868.6,22475.93,0.3527,316.0,0.308,19626.35,44095.56,109.11,1384,396,22.2,Low,Highly-Profitable
939,40,60,2023-03,49713.53,19679.06,3414.7,15058.37,1254.76,10306.64,0.2073,365.8,0.38,18891.14,30822.39,85.13,2036,463,18.6,Low,Profitable
940,40,91,2023-04,50610.66,16328.33,3480.98,16626.64,1241.45,12933.26,0.2555,279.5,0.218,11033.12,39577.54,86.66,1868,464,28.9,Low,Profitable
941,40,121,2023-05,88967.68,39047.67,3286.13,17579.16,1011.35,28043.37,0.3152,591.3,0.27,24021.27,64946.41,152.34,1839,519,27.5,Low,Highly-Profitable
942,40,152,2023-06,91277.66,31066.53,3299.11,17961.85,733.84,38216.33,0.4187,477.6,0.278,25375.19,65902.47,156.3,2201,410,18.4,Low,Highly-Profitable
943,40,182,2023-07,77125.7,26103.25,3399.1,15706.36,1545.86,30371.13,0.3938,570.1,0.207,15965.02,61160.68,132.06,2013,431,7.9,Low,Highly-Profitable
944,40,213,2023-08,69146.63,22687.08,3655.89,18225.73,856.32,23721.61,0.3431,337.4,0.203,14036.77,55109.86,118.4,2038,531,19.6,Low,Highly-Profitable
945,40,244,2023-09,51819.4,18405.25,3251.68,15972.5,1260.54,12929.43,0.2495,489.2,0.201,10415.7,41403.7,88.73,1984,329,22.8,Low,Profitable
946,40,274,2023-10,62181.53,26576.15,3332.41,17901.29,705.18,13666.5,0.2198,757.8,0.333,20706.45,41475.08,106.48,1973,519,16.9,Low,Profitable
947,40,305,2023-11,84295.87,34478.37,3406.88,19079.19,1307.71,26023.72,0.3087,459.2,0.295,24867.28,59428.59,144.34,1904,529,27.5,Low,Highly-Profitable
948,40,335,2023-12,59816.61,19489.08,3286.0,16673.12,1416.38,18952.03,0.3168,623.0,0.367,21952.7,37863.91,102.43,2084,362,27.7,Low,Profitable
949,40,366,2024-01,52239.3,17462.57,3399.91,15935.3,1550.61,13890.91,0.2659,659.1,0.245,12798.63,39440.67,89.45,1700,587,18.9,Low,Profitable
950,40,397,2024-02,40509.9,13334.73,3380.15,16570.06,1937.87,5287.09,0.1305,617.9,0.224,9074.22,31435.68,69.37,1540,306,22.3,Low,Break-Even
951,40,426,2024-03,85433.13,29853.64,3490.4,17437.52,1267.9,33383.67,0.3908,150.4,0.255,21785.45,63647.68,146.29,1919,507,30.6,Low,Highly-Profitable
952,40,457,2024-04,36910.57,13820.02,3639.82,16005.09,1623.46,1822.18,0.0494,433.0,0.299,11036.26,25874.31,63.2,2199,331,23.0,Low,Break-Even
953,40,487,2024-05,15439.65,6557.3,3338.41,15657.26,1302.12,-11415.44,-0.7394,391.0,0.253,3906.23,11533.42,26.44,1443,394,21.3,Low,Loss-Making
954,40,518,2024-06,65373.07,27401.02,3413.21,16719.69,1807.37,16031.78,0.2452,225.4,0.173,11309.54,54063.53,111.94,2289,576,31.4,Low,Profitable
955,40,548,2024-07,68789.75,23921.88,3653.25,17695.45,1264.59,22254.58,0.3235,479.0,0.268,18435.65,50354.1,117.79,1657,472,35.4,Low,Highly-Profitable
956,40,579,2024-08,34456.62,14132.93,3510.31,17006.2,1008.02,-1200.84,-0.0349,542.8,0.236,8131.76,26324.86,59.0,1726,591,27.0,Low,Break-Even
957,40,610,2024-09,43560.94,14862.72,3310.58,17127.88,1496.36,6763.4,0.1553,598.3,0.275,11979.26,31581.68,74.59,2497,332,23.5,Low,Break-Even
958,40,640,2024-10,55091.1,17953.67,3205.48,16715.46,1529.98,15686.51,0.2847,460.4,0.293,16141.69,38949.41,94.33,2506,334,19.4,Low,Profitable
959,40,671,2024-11,40881.72,17244.55,3260.92,17657.74,127.96,2590.55,0.0634,241.1,0.25,10220.43,30661.29,70.0,1933,622,17.5,Low,Break-Even
960,40,701,2024-12,51277.26,20714.95,3591.99,15503.03,1333.68,10133.61,0.1976,618.9,0.204,10460.56,40816.7,87.8,2359,427,25.9,Low,Profitable
961,41,1,2023-01,53909.08,20580.6,7757.57,24597.29,1110.57,-136.95,-0.0025,282.5,0.363,19569.0,34340.08,37.33,1309,466,21.9,Medium,Break-Even
962,41,32,2023-02,61562.45,26345.92,7655.11,22304.22,1714.93,3542.27,0.0575,486.1,0.312,19207.48,42354.97,42.63,2153,421,25.4,Medium,Break-Even
963,41,60,2023-03,74250.79,27542.99,7029.76,20428.0,1680.44,17569.6,0.2366,719.1,0.36,26730.28,47520.51,51.42,1872,501,25.2,Medium,Profitable
964,41,91,2023-04,70385.03,24435.44,7719.26,21709.72,1024.95,15495.66,0.2202,388.2,0.349,24564.38,45820.65,48.74,1833,316,17.0,Medium,Profitable
965,41,121,2023-05,92514.1,34814.02,6856.93,23813.43,983.62,26046.1,0.2815,339.8,0.356,32935.02,59579.08,64.07,1191,465,23.4,Medium,Highly-Profitable
966,41,152,2023-06,72815.44,25134.85,7676.26,20145.41,929.66,18929.26,0.26,378.4,0.273,19878.62,52936.82,50.43,2403,307,22.2,Medium,Profitable
967,41,182,2023-07,38597.59,14478.22,7519.21,21097.62,575.98,-5073.44,-0.1314,407.9,0.396,15284.65,23312.94,26.73,942,252,24.4,Medium,Loss-Making
968,41,213,2023-08,82929.41,31184.91,7573.08,23732.43,1343.37,19095.62,0.2303,484.7,0.318,26371.55,56557.86,57.43,1062,280,24.5,Medium,Profitable
969,41,244,2023-09,77673.17,33553.45,7893.17,21732.16,1438.11,13056.28,0.1681,628.0,0.3,23301.95,54371.22,53.79,1742,287,32.1,Medium,Profitable
970,41,274,2023-10,64940.85,24474.31,7827.38,24332.13,1458.17,6848.86,0.1055,389.4,0.326,21170.72,43770.13,44.97,1637,677,19.6,Medium,Break-Even
971,41,305,2023-11,48322.22,15532.88,7491.47,20838.65,916.39,3542.83,0.0733,163.4,0.315,15221.5,33100.72,33.46,2597,652,25.9,Medium,Break-Even
972,41,335,2023-12,47873.83,19698.31,8168.03,21900.59,2092.4,-3985.5,-0.0833,378.9,0.435,20825.12,27048.71,33.15,1684,540,23.7,Medium,Loss-Making
973,41,366,2024-01,63099.27,23702.45,7704.96,21943.1,1204.81,8543.95,0.1354,403.1,0.375,23662.23,39437.04,43.7,1505,561,7.4,Medium,Profitable
974,41,397,2024-02,63207.47,24088.42,7987.05,23096.53,1594.82,6440.65,0.1019,452.5,0.282,17824.51,45382.96,43.77,1586,673,8.5,Medium,Break-Even
975,41,426,2024-03,57671.68,21463.77,7729.69,25329.78,1353.25,1795.19,0.0311,234.4,0.341,19666.04,38005.64,39.94,2386,429,19.1,Medium,Break-Even
976,41,457,2024-04,44997.91,19053.51,8004.4,23594.53,1087.12,-6741.65,-0.1498,504.4,0.369,16604.23,28393.68,31.16,2061,272,28.3,Medium,Loss-Making
977,41,487,2024-05,79253.89,27250.54,7520.25,22990.81,1890.24,19602.05,0.2473,304.2,0.456,36139.77,43114.12,54.88,1693,491,20.5,Medium,Profitable
978,41,518,2024-06,58027.53,21333.84,7918.98,24260.59,1508.49,3005.63,0.0518,358.6,0.327,18975.0,39052.53,40.19,1993,363,27.2,Medium,Break-Even
979,41,548,2024-07,66924.85,21957.91,7545.76,21826.3,1524.13,14070.75,0.2102,521.7,0.372,24896.04,42028.81,46.35,2400,405,19.6,Medium,Profitable
980,41,579,2024-08,53697.59,21397.72,8136.49,21471.98,1471.03,1220.37,0.0227,361.6,0.387,20780.97,32916.62,37.19,2150,251,24.8,Medium,Break-Even
981,41,610,2024-09,44051.03,17441.01,8001.63,21081.82,1536.46,-4009.89,-0.091,307.6,0.438,19294.35,24756.68,30.51,1209,245,21.1,Medium,Loss-Making
982,41,640,2024-10,75046.93,31072.12,6928.8,22261.38,911.86,13872.77,0.1849,380.1,0.274,20562.86,54484.07,51.97,1746,345,18.1,Medium,Profitable
983,41,671,2024-11,48314.72,19299.82,7425.17,21856.69,1608.73,-1875.69,-0.0388,204.8,0.368,17779.82,30534.9,33.46,1756,513,27.3,Medium,Break-Even
984,41,701,2024-12,49629.16,16159.68,7865.4,21810.09,1025.27,2768.72,0.0558,633.8,0.358,17767.24,31861.92,34.37,2005,475,22.6,Medium,Break-Even
985,42,1,2023-01,33038.8,13792.32,4038.5,13391.09,1256.41,560.48,0.017,115.4,0.428,14140.61,18898.19,64.66,1798,506,27.6,Low,Break-Even
986,42,32,2023-02,55394.82,23545.31,3866.86,13523.64,1425.14,13033.87,0.2353,613.3,0.434,24041.35,31353.47,108.4,1452,572,12.8,Low,Profitable
987,42,60,2023-03,58920.26,25119.18,4158.83,15780.96,1229.02,12632.27,0.2144,647.9,0.374,22036.18,36884.08,115.3,2001,348,18.2,Low,Profitable
988,42,91,2023-04,64684.48,27272.83,3776.79,14937.49,1242.2,17455.17,0.2699,375.0,0.328,21216.51,43467.97,126.58,2016,485,23.1,Low,Profitable
989,42,121,2023-05,61752.5,22314.93,4325.45,13056.09,812.99,21243.04,0.344,734.1,0.49,30258.72,31493.78,120.85,2326,415,14.4,Low,Highly-Profitable
990,42,152,2023-06,84277.53,30085.13,4210.07,14605.86,1282.53,34093.94,0.4045,430.1,0.488,41127.43,43150.1,164.93,1590,443,22.2,Low,Highly-Profitable
991,42,182,2023-07,62899.53,27280.71,3908.88,16352.82,1018.87,14338.25,0.228,560.4,0.47,29562.78,33336.75,123.09,1413,389,24.7,Low,Profitable
992,42,213,2023-08,33726.97,12553.4,4044.29,15219.66,752.25,1157.37,0.0343,572.3,0.508,17133.3,16593.67,66.0,2281,436,21.2,Low,Break-Even
993,42,244,2023-09,50080.75,17683.48,3906.39,15488.68,736.4,12265.8,0.2449,137.0,0.439,21985.45,28095.3,98.01,552,496,10.6,Low,Profitable
994,42,274,2023-10,51693.55,20423.53,4242.76,15782.94,1386.11,9858.21,0.1907,388.0,0.431,22279.92,29413.63,101.16,1797,531,17.4,Low,Profitable
995,42,305,2023-11,25906.0,9760.17,4470.94,13302.93,1689.06,-3317.1,-0.128,319.7,0.318,8238.11,17667.89,50.7,2120,324,22.7,Low,Loss-Making
996,42,335,2023-12,61484.64,22372.55,3950.31,17075.38,963.67,17122.73,0.2785,434.9,0.457,28098.48,33386.16,120.32,1953,284,19.9,Low,Profitable
997,42,366,2024-01,57852.39,24472.87,3798.81,13402.72,869.76,15308.23,0.2646,462.0,0.446,25802.17,32050.22,113.21,1395,311,22.5,Low,Profitable
998,42,397,2024-02,55259.98,20534.5,4080.19,14220.3,258.14,16166.85,0.2926,437.5,0.489,27022.13,28237.85,108.14,2295,280,13.8,Low,Profitable
999,42,426,2024-03,68471.96,26072.65,3994.81,15195.47,1119.64,22089.39,0.3226,599.4,0.468,32044.88,36427.08,134.0,1534,410,35.8,Low,Highly-Profitable
1000,42,457,2024-04,75821.97,31845.84,4123.08,17349.51,939.97,21563.57,0.2844,541.1,0.458,34726.46,41095.51,148.38,1224,350,41.8,Low,Highly-Profitable
1001,42,487,2024-05,63704.45,21450.2,4112.0,13064.72,1040.87,24036.66,0.3773,399.3,0.465,29622.57,34081.88,124.67,1963,251,25.3,Low,Highly-Profitable
1002,42,518,2024-06,80583.88,27173.21,3913.39,14849.66,860.85,33786.77,0.4193,699.0,0.373,30057.79,50526.09,157.7,1296,635,27.6,Low,Highly-Profitable
1003,42,548,2024-07,85556.39,31552.87,3942.05,14292.35,1315.06,34454.06,0.4027,392.1,0.434,37131.47,48424.92,167.43,2300,448,37.0,Low,Highly-Profitable
1004,42,579,2024-08,50662.85,16507.93,3865.94,15220.76,1620.79,13447.43,0.2654,718.0,0.501,25382.09,25280.76,99.14,2273,382,24.7,Low,Profitable
1005,42,610,2024-09,81210.4,27807.17,3915.95,15564.88,1145.92,32776.48,0.4036,356.6,0.482,39143.41,42066.99,158.92,1859,368,19.6,Low,Highly-Profitable
1006,42,640,2024-10,62555.05,23381.0,4006.6,14652.58,1277.38,19237.49,0.3075,492.1,0.407,25459.91,37095.14,122.42,1280,385,5.6,Low,Profitable
1007,42,671,2024-11,70994.91,29849.43,3981.75,14826.42,1403.32,20933.99,0.2949,476.1,0.458,32515.67,38479.24,138.93,2160,289,22.7,Low,Highly-Profitable
1008,42,701,2024-12,49184.86,16446.05,4415.3,14088.2,802.58,13432.73,0.2731,277.0,0.44,21641.34,27543.52,96.25,1158,236,18.4,Low,Profitable
1009,43,1,2023-01,37859.9,12386.64,11637.48,21063.76,1311.91,-8539.89,-0.2256,464.2,0.484,18324.19,19535.71,31.11,1793,242,29.1,High,Loss-Making
1010,43,32,2023-02,59881.92,22425.69,13762.19,22097.43,1586.76,9.85,0.0002,573.7,0.403,24132.41,35749.51,49.2,1746,176,19.0,High,Break-Even
1011,43,60,2023-03,50961.43,16472.77,12122.15,20103.11,530.17,1733.23,0.034,484.6,0.47,23951.87,27009.56,41.87,2129,182,28.6,High,Break-Even
1012,43,91,2023-04,76122.03,25057.51,12452.72,21995.24,1150.73,15465.83,0.2032,738.5,0.493,37528.16,38593.87,62.55,1950,356,21.3,High,Profitable
1013,43,121,2023-05,78304.13,30969.51,12239.99,20013.34,1250.98,13830.31,0.1766,500.9,0.538,42127.62,36176.51,64.34,2173,306,35.4,High,Profitable
1014,43,152,2023-06,57597.3,21345.74,12735.79,20197.69,2254.11,1063.97,0.0185,490.1,0.43,24766.84,32830.46,47.33,1246,484,20.8,High,Break-Even
1015,43,182,2023-07,52710.95,22897.53,13002.23,19104.55,992.47,-3285.83,-0.0623,281.7,0.402,21189.8,31521.15,43.31,2723,513,9.1,High,Loss-Making
1016,43,213,2023-08,68884.23,30190.72,11634.01,21209.75,1493.48,4356.27,0.0632,546.2,0.49,33753.27,35130.96,56.6,2035,487,28.6,High,Break-Even
1017,43,244,2023-09,57665.25,24877.86,12547.77,23842.33,1038.83,-4641.54,-0.0805,595.5,0.451,26007.03,31658.22,47.38,2227,571,20.2,High,Loss-Making
1018,43,274,2023-10,80693.64,31566.63,11880.19,19993.13,2007.51,15246.18,0.1889,384.0,0.513,41395.84,39297.8,66.31,1657,288,10.5,High,Profitable
1019,43,305,2023-11,49886.54,18418.39,13082.35,16641.93,1073.95,669.92,0.0134,512.8,0.459,22897.92,26988.62,40.99,2142,526,13.9,High,Break-Even
1020,43,335,2023-12,85703.0,33835.58,12400.35,19839.53,359.69,19267.85,0.2248,350.3,0.462,39594.79,46108.21,70.42,1587,372,16.9,High,Profitable
1021,43,366,2024-01,50180.76,20313.58,12673.24,20324.98,1134.79,-4265.83,-0.085,311.1,0.532,26696.16,23484.6,41.23,1593,471,26.0,High,Loss-Making
1022,43,397,2024-02,55210.0,17732.9,10763.85,19099.94,1413.13,6200.18,0.1123,452.6,0.425,23464.25,31745.75,45.37,1933,489,16.5,High,Break-Even
1023,43,426,2024-03,56580.61,19320.93,12376.04,18423.12,1407.33,5053.19,0.0893,477.9,0.421,23820.44,32760.17,46.49,1779,554,25.9,High,Break-Even
1024,43,457,2024-04,55108.55,22021.75,11643.76,18738.77,1793.92,910.35,0.0165,471.9,0.419,23090.48,32018.07,45.28,1828,598,33.7,High,Break-Even
1025,43,487,2024-05,59395.72,23852.27,11502.42,19650.93,1220.23,3169.87,0.0534,580.7,0.386,22926.75,36468.97,48.81,1992,282,21.3,High,Break-Even
1026,43,518,2024-06,59806.01,22310.9,12788.19,23371.21,1199.69,136.02,0.0023,386.7,0.472,28228.44,31577.57,49.14,2500,418,38.2,High,Break-Even
1027,43,548,2024-07,53096.22,20469.24,12040.47,20536.62,1489.77,-1439.88,-0.0271,636.8,0.442,23468.53,29627.69,43.63,1998,396,29.0,High,Break-Even
1028,43,579,2024-08,56070.01,22653.52,11828.27,23064.81,1465.32,-2941.91,-0.0525,423.5,0.452,25343.64,30726.37,46.07,2138,316,20.6,High,Loss-Making
1029,43,610,2024-09,55672.29,18628.85,11916.5,19698.15,1378.22,4050.57,0.0728,664.3,0.456,25386.56,30285.73,45.75,1913,374,21.8,High,Break-Even
1030,43,640,2024-10,62446.65,23917.86,13131.25,19316.07,1775.06,4306.41,0.069,625.0,0.387,24166.85,38279.8,51.31,1313,479,24.5,High,Break-Even
1031,43,671,2024-11,56655.77,22329.41,12020.25,22410.93,1071.57,-1176.39,-0.0208,543.1,0.436,24701.92,31953.85,46.55,1720,210,7.5,High,Break-Even
1032,43,701,2024-12,67089.14,28432.31,12842.33,19811.84,1002.78,4999.88,0.0745,523.0,0.43,28848.33,38240.81,55.13,2556,449,14.9,High,Break-Even
1033,44,1,2023-01,73269.61,27263.78,3290.32,26067.32,359.44,16288.75,0.2223,250.3,0.524,38393.28,34876.33,55.8,1670,433,32.0,Low,Profitable
1034,44,32,2023-02,55492.47,20960.69,3370.18,20503.23,1593.79,9064.58,0.1633,479.7,0.519,28800.59,26691.88,42.26,2008,440,27.9,Low,Profitable
1035,44,60,2023-03,58639.54,23668.22,3416.95,25308.36,462.92,5783.09,0.0986,582.2,0.456,26739.63,31899.91,44.66,1797,434,21.3,Low,Break-Even
1036,44,91,2023-04,70119.83,26133.37,3508.28,22991.2,1266.65,16220.33,0.2313,431.9,0.425,29800.93,40318.9,53.4,2360,464,21.5,Low,Profitable
1037,44,121,2023-05,92357.74,38487.77,3419.79,25838.28,832.77,23779.13,0.2575,528.9,0.438,40452.69,51905.05,70.34,1985,546,20.2,Low,Highly-Profitable
1038,44,152,2023-06,44406.87,16041.14,3439.71,27244.44,1386.56,-3704.98,-0.0834,459.5,0.509,22603.1,21803.77,33.82,1456,420,22.7,Low,Loss-Making
1039,44,182,2023-07,54586.62,20263.55,3549.44,24469.41,1710.72,4593.5,0.0842,393.0,0.448,24454.81,30131.81,41.57,2523,589,34.1,Low,Break-Even
1040,44,213,2023-08,32159.9,11746.74,3437.78,22432.95,589.41,-6046.98,-0.188,354.3,0.566,18202.5,13957.4,24.49,1746,220,16.8,Low,Loss-Making
1041,44,244,2023-09,20170.28,7044.11,3497.05,26641.67,1560.91,-18573.46,-0.9208,513.8,0.532,10730.59,9439.69,15.36,1231,765,18.9,Low,Structural-Loss
1042,44,274,2023-10,37719.02,14194.26,3682.12,23812.88,1245.32,-5215.56,-0.1383,420.5,0.552,20820.9,16898.12,28.73,1326,566,22.7,Low,Loss-Making
1043,44,305,2023-11,85773.39,37220.39,3301.66,23996.16,930.67,20324.51,0.237,572.6,0.442,37911.84,47861.55,65.33,2024,519,16.1,Low,Highly-Profitable
1044,44,335,2023-12,70763.37,29125.27,3117.22,25910.95,1249.92,11360.01,0.1605,419.8,0.546,38636.8,32126.57,53.89,1549,326,21.8,Low,Profitable
1045,44,366,2024-01,78691.72,31780.78,3225.72,21731.58,1538.97,20414.67,0.2594,439.3,0.515,40526.24,38165.48,59.93,1812,569,25.3,Low,Highly-Profitable
1046,44,397,2024-02,54230.46,17844.42,3255.37,24244.91,538.76,8347.0,0.1539,513.1,0.46,24946.01,29284.45,41.3,1865,433,26.9,Low,Profitable
1047,44,426,2024-03,78432.07,26244.11,3129.8,23626.48,1574.06,23857.62,0.3042,230.3,0.48,37647.39,40784.68,59.74,1838,428,22.2,Low,Highly-Profitable
1048,44,457,2024-04,67096.76,25868.45,3330.39,26010.13,989.77,10898.02,0.1624,603.5,0.488,32743.22,34353.54,51.1,1958,370,24.9,Low,Profitable
1049,44,487,2024-05,53053.93,22966.39,3643.22,26198.14,1324.19,-1078.01,-0.0203,642.1,0.428,22707.08,30346.85,40.41,2374,409,24.3,Low,Break-Even
1050,44,518,2024-06,68874.62,22626.36,3439.81,25435.89,1085.43,16287.13,0.2365,423.8,0.369,25414.73,43459.89,52.46,1826,469,24.8,Low,Profitable
1051,44,548,2024-07,57883.32,25360.66,3237.18,22706.19,994.39,5584.9,0.0965,434.3,0.435,25179.24,32704.08,44.08,1215,419,16.3,Low,Break-Even
1052,44,579,2024-08,48316.22,16576.16,3439.15,22323.68,1465.86,4511.37,0.0934,520.5,0.432,20872.61,27443.61,36.8,1578,269,17.6,Low,Break-Even
1053,44,610,2024-09,67596.57,23482.94,3351.18,25080.11,887.66,14794.68,0.2189,675.4,0.526,35555.8,32040.77,51.48,2082,190,18.6,Low,Profitable
1054,44,640,2024-10,52872.58,20849.47,3401.8,26364.89,533.02,1723.4,0.0326,619.2,0.518,27388.0,25484.58,40.27,2792,389,19.1,Low,Break-Even
1055,44,671,2024-11,70553.48,23336.37,3221.85,25135.25,990.28,17869.73,0.2533,504.2,0.446,31466.85,39086.63,53.73,1471,266,22.6,Low,Profitable
1056,44,701,2024-12,52946.27,21657.55,3392.63,20598.32,1107.41,6190.36,0.1169,284.1,0.486,25731.89,27214.38,40.32,2701,394,22.9,Low,Break-Even
1057,45,1,2023-01,43708.47,19193.64,4207.78,22182.0,1704.78,-3579.73,-0.0819,406.1,0.358,15647.63,28060.84,33.06,1733,458,24.1,Low,Loss-Making
1058,45,32,2023-02,49787.12,19980.64,4128.44,16880.6,953.03,7844.41,0.1576,581.5,0.239,11899.12,37888.0,37.66,1090,289,16.1,Low,Break-Even
1059,45,60,2023-03,14234.2,5143.92,4008.27,17286.86,1037.64,-13242.49,-0.9303,511.3,0.446,6348.45,7885.75,10.77,1264,513,31.6,Low,Loss-Making
1060,45,91,2023-04,89726.25,37486.97,3792.67,16950.83,1766.78,29729.0,0.3313,474.8,0.375,33647.34,56078.91,67.87,2762,150,9.5,Low,Highly-Profitable
1061,45,121,2023-05,22127.42,7493.16,3958.09,21766.94,981.99,-12072.76,-0.5456,615.6,0.369,8165.02,13962.4,16.74,1694,525,21.5,Low,Loss-Making
1062,45,152,2023-06,39213.52,15285.81,3974.14,21361.67,889.53,-2297.63,-0.0586,695.4,0.405,15881.48,23332.04,29.66,1434,726,14.2,Low,Loss-Making
1063,45,182,2023-07,79048.44,30680.08,3817.32,17371.8,1140.62,26038.62,0.3294,563.5,0.269,21264.03,57784.41,59.79,1804,390,38.0,Low,Highly-Profitable
1064,45,213,2023-08,45310.88,16982.89,4154.14,19452.55,993.2,3728.1,0.0823,360.2,0.247,11191.79,34119.09,34.27,1793,513,16.0,Low,Break-Even
1065,45,244,2023-09,78147.95,30527.78,4036.75,19092.14,1047.69,23443.59,0.3,698.8,0.313,24460.31,53687.64,59.11,2355,426,31.1,Low,Highly-Profitable
1066,45,274,2023-10,54053.42,20694.14,4140.56,19595.08,1370.45,8253.19,0.1527,407.8,0.316,17080.88,36972.54,40.89,1182,664,21.1,Low,Profitable
1067,45,305,2023-11,64524.61,28375.23,3966.23,17814.88,325.5,14042.77,0.2176,430.1,0.401,25874.37,38650.24,48.81,2000,194,21.0,Low,Profitable
1068,45,335,2023-12,38196.46,15544.91,3924.45,18221.45,1702.99,-1197.34,-0.0313,555.0,0.396,15125.8,23070.66,28.89,1615,389,19.6,Low,Break-Even
1069,45,366,2024-01,58696.23,24179.19,4455.46,19565.21,1071.48,9424.89,0.1606,471.9,0.347,20367.59,38328.64,44.4,2082,240,17.4,Low,Profitable
1070,45,397,2024-02,58890.83,23238.57,3945.85,18165.74,1066.75,12473.92,0.2118,760.5,0.402,23674.11,35216.72,44.55,1145,456,24.5,Low,Profitable
1071,45,426,2024-03,50011.37,17367.54,3783.51,18440.05,1220.15,9200.12,0.184,482.7,0.335,16753.81,33257.56,37.83,2035,359,15.2,Low,Profitable
1072,45,457,2024-04,89460.82,30184.15,3968.44,18537.55,1476.17,35294.51,0.3945,476.3,0.428,38289.23,51171.59,67.67,1823,349,14.9,Low,Highly-Profitable
1073,45,487,2024-05,68140.43,29270.49,3894.98,20543.2,1342.51,13089.25,0.1921,613.0,0.265,18057.21,50083.22,51.54,2256,284,25.6,Low,Profitable
1074,45,518,2024-06,68976.5,26651.91,4042.9,17351.99,1001.44,19928.26,0.2889,444.4,0.285,19658.3,49318.2,52.18,1656,396,20.7,Low,Profitable
1075,45,548,2024-07,48133.34,16876.82,4468.87,15825.57,1128.53,9833.55,0.2043,496.1,0.358,17231.74,30901.6,36.41,1322,634,3.6,Low,Profitable
1076,45,579,2024-08,76972.28,31659.36,4284.61,17951.51,1128.38,21948.42,0.2851,398.4,0.386,29711.3,47260.98,58.22,2049,414,14.1,Low,Highly-Profitable
1077,45,610,2024-09,39817.71,14555.02,4148.4,17387.62,470.74,3255.93,0.0818,577.9,0.463,18435.6,21382.11,30.12,1621,562,39.4,Low,Break-Even
1078,45,640,2024-10,71292.38,24999.07,4147.12,20681.92,1328.13,20136.14,0.2824,284.2,0.351,25023.63,46268.75,53.93,2106,416,19.8,Low,Highly-Profitable
1079,45,671,2024-11,67902.07,28247.7,4291.31,18560.47,853.95,15948.64,0.2349,503.0,0.372,25259.57,42642.5,51.36,1590,513,31.1,Low,Profitable
1080,45,701,2024-12,75465.73,27035.6,3691.69,16719.6,1365.95,26652.89,0.3532,550.6,0.336,25356.49,50109.24,57.08,2518,398,27.9,Low,Highly-Profitable
1081,46,1,2023-01,37056.02,12825.08,11772.0,26251.08,1651.97,-15444.11,-0.4168,535.7,0.425,15748.81,21307.21,20.61,2305,401,27.9,High,Structural-Loss
1082,46,32,2023-02,64479.31,25033.86,11420.68,25041.17,1226.85,1756.75,0.0272,542.3,0.4,25791.72,38687.59,35.86,1443,332,28.8,High,Break-Even
1083,46,60,2023-03,85616.9,36057.93,11644.26,29469.98,1321.0,7123.73,0.0832,386.9,0.362,30993.32,54623.58,47.62,2108,361,21.9,High,Break-Even
1084,46,91,2023-04,108381.43,44887.64,11356.23,24589.1,1664.71,25883.75,0.2388,696.5,0.36,39017.31,69364.12,60.28,1296,745,27.6,High,Highly-Profitable
1085,46,121,2023-05,90674.31,35212.04,11873.79,20844.17,801.28,21943.03,0.242,500.1,0.283,25660.83,65013.48,50.43,1822,667,24.1,High,Highly-Profitable
1086,46,152,2023-06,74912.35,28000.13,13122.53,24264.88,1025.41,8499.4,0.1135,417.2,0.312,23372.65,51539.7,41.66,1095,276,26.0,High,Profitable
1087,46,182,2023-07,61235.87,26206.74,11987.27,26197.38,852.64,-4008.16,-0.0655,386.6,0.367,22473.56,38762.31,34.06,1561,372,21.5,High,Loss-Making
1088,46,213,2023-08,71486.32,23541.17,12522.74,24677.16,773.97,9971.28,0.1395,544.9,0.417,29809.8,41676.52,39.76,2020,386,28.6,High,Profitable
1089,46,244,2023-09,77530.38,25814.97,12959.96,23389.62,464.38,14901.45,0.1922,288.2,0.446,34578.55,42951.83,43.12,1658,426,13.5,High,Profitable
1090,46,274,2023-10,78573.84,27555.17,13018.24,22601.07,1210.07,14189.29,0.1806,371.0,0.334,26243.66,52330.18,43.7,1310,554,20.7,High,Profitable
1091,46,305,2023-11,47243.07,20184.13,13168.89,24257.48,1610.62,-11978.05,-0.2535,605.1,0.365,17243.72,29999.35,26.28,1660,353,16.5,High,Loss-Making
1092,46,335,2023-12,75109.99,28109.5,11683.41,25955.78,621.31,8739.99,0.1164,528.8,0.37,27790.7,47319.29,41.77,1385,504,22.2,High,Profitable
1093,46,366,2024-01,58807.94,22299.12,11387.61,25253.4,1099.56,-1231.75,-0.0209,417.7,0.321,18877.35,39930.59,32.71,2060,383,21.8,High,Break-Even
1094,46,397,2024-02,49798.48,18728.19,11523.4,24644.84,999.99,-6097.94,-0.1225,438.1,0.398,19819.8,29978.68,27.7,1762,415,5.4,High,Loss-Making
1095,46,426,2024-03,60368.57,24812.61,12712.37,21088.36,1120.73,634.5,0.0105,761.4,0.341,20585.68,39782.89,33.58,1501,276,24.3,High,Break-Even
1096,46,457,2024-04,56104.14,20922.51,11907.52,25250.7,1165.05,-3141.64,-0.056,511.0,0.395,22161.14,33943.0,31.2,1898,375,30.0,High,Loss-Making
1097,46,487,2024-05,48242.01,16179.76,12414.14,26930.89,481.81,-7764.59,-0.161,211.5,0.43,20744.06,27497.95,26.83,1600,356,37.8,High,Loss-Making
1098,46,518,2024-06,84075.72,26935.69,12754.24,20409.61,1121.58,22854.6,0.2718,361.3,0.346,29090.2,54985.52,46.76,2118,143,26.2,High,Highly-Profitable
1099,46,548,2024-07,70489.93,27674.07,12652.2,20903.7,1404.94,7855.02,0.1114,449.8,0.353,24882.95,45606.98,39.2,1855,543,32.5,High,Break-Even
1100,46,579,2024-08,87446.82,33939.14,12361.9,23624.4,1961.96,15559.42,0.1779,440.4,0.397,34716.39,52730.43,48.64,2477,709,11.3,High,Profitable
1101,46,610,2024-09,99297.34,35666.68,11436.36,26268.09,960.26,24965.95,0.2514,324.2,0.379,37633.69,61663.65,55.23,2635,203,9.7,High,Highly-Profitable
1102,46,640,2024-10,62862.3,23356.26,12834.24,21120.82,674.75,4876.23,0.0776,257.7,0.419,26339.3,36523.0,34.96,1433,449,21.4,High,Break-Even
1103,46,671,2024-11,88347.34,34390.76,13248.3,25984.63,1483.31,13240.34,0.1499,631.8,0.36,31805.04,56542.3,49.14,2163,527,25.1,High,Profitable
1104,46,701,2024-12,75016.05,28209.81,12320.7,22006.39,1163.49,11315.66,0.1508,371.8,0.374,28056.0,46960.05,41.72,2273,449,22.5,High,Profitable
1105,47,1,2023-01,82219.23,30669.76,8877.61,18224.47,1480.02,22967.37,0.2793,191.7,0.423,34778.73,47440.5,69.44,2475,603,22.4,Medium,Highly-Profitable
1106,47,32,2023-02,47614.53,19791.13,9424.36,21627.63,2130.12,-5358.71,-0.1125,658.7,0.457,21759.84,25854.69,40.21,1860,279,29.9,Medium,Loss-Making
1107,47,60,2023-03,48685.94,18216.28,9235.13,23014.68,563.03,-2343.18,-0.0481,70.8,0.505,24586.4,24099.54,41.12,2558,624,14.4,Medium,Loss-Making
1108,47,91,2023-04,66002.91,28584.64,9080.8,17366.56,1675.45,9295.46,0.1408,459.4,0.493,32539.43,33463.48,55.75,2079,575,21.4,Medium,Profitable
1109,47,121,2023-05,67001.72,24251.89,9241.61,23302.48,1766.57,8439.17,0.126,853.5,0.421,28207.72,38794.0,56.59,1675,363,32.1,Medium,Profitable
1110,47,152,2023-06,67389.94,27125.69,9055.06,22803.83,932.33,7473.03,0.1109,511.6,0.427,28775.5,38614.44,56.92,1434,247,14.4,Medium,Break-Even
1111,47,182,2023-07,73985.36,25051.4,9210.14,19386.01,451.38,19886.43,0.2688,547.1,0.445,32923.49,41061.87,62.49,1419,390,29.4,Medium,Profitable
1112,47,213,2023-08,63419.66,26995.62,9890.9,24292.71,925.95,1314.48,0.0207,567.6,0.488,30948.79,32470.87,53.56,1402,528,22.2,Medium,Break-Even
1113,47,244,2023-09,49532.67,18298.56,8965.63,24855.39,1765.14,-4352.05,-0.0879,423.7,0.489,24221.48,25311.19,41.84,1400,505,29.2,Medium,Loss-Making
1114,47,274,2023-10,69213.44,29316.69,8753.0,19474.41,1010.57,10658.77,0.154,606.6,0.399,27616.16,41597.28,58.46,1939,266,26.7,Medium,Profitable
1115,47,305,2023-11,62177.66,21707.87,9161.08,20744.63,1165.35,9398.73,0.1512,590.0,0.488,30342.7,31834.96,52.51,1617,524,19.6,Medium,Profitable
1116,47,335,2023-12,68701.52,22800.15,9108.59,19698.12,675.21,16419.45,0.239,303.5,0.381,26175.28,42526.24,58.02,2071,410,17.5,Medium,Profitable
1117,47,366,2024-01,73963.34,32092.0,10063.14,21186.85,1097.83,9523.52,0.1288,392.8,0.52,38460.94,35502.4,62.47,1797,425,26.7,High,Profitable
1118,47,397,2024-02,110121.93,38598.99,10406.33,20652.55,844.65,39619.41,0.3598,441.6,0.591,65082.06,45039.87,93.01,2000,420,20.7,High,Highly-Profitable
1119,47,426,2024-03,55921.97,20383.43,9166.6,23090.79,1103.74,2177.41,0.0389,694.4,0.459,25668.18,30253.79,47.23,1656,585,18.4,Medium,Break-Even
1120,47,457,2024-04,52859.87,22662.81,9701.95,20512.01,1762.16,-1779.06,-0.0337,506.1,0.443,23416.92,29442.95,44.65,2043,504,19.5,Medium,Break-Even
1121,47,487,2024-05,47673.95,18698.13,9143.02,22671.2,751.1,-3589.5,-0.0753,345.0,0.454,21643.97,26029.98,40.27,1490,251,25.5,Medium,Loss-Making
1122,47,518,2024-06,45926.3,15844.33,9303.39,21029.48,1317.79,-1568.69,-0.0342,576.9,0.502,23055.0,22871.3,38.79,2231,196,24.6,Medium,Break-Even
1123,47,548,2024-07,38605.2,16165.89,9899.17,19990.2,1138.65,-8588.71,-0.2225,355.3,0.506,19534.23,19070.97,32.61,1259,456,16.3,Medium,Loss-Making
1124,47,579,2024-08,42451.84,16331.26,10283.85,19043.47,1064.49,-4271.23,-0.1006,495.2,0.396,16810.93,25640.91,35.85,1361,286,16.9,High,Loss-Making
1125,47,610,2024-09,46207.82,17908.92,9495.02,20090.38,1218.19,-2504.69,-0.0542,427.6,0.517,23889.44,22318.38,39.03,1167,554,25.6,Medium,Loss-Making
1126,47,640,2024-10,73036.49,27422.64,9440.23,20342.77,1722.21,14108.64,0.1932,407.9,0.471,34400.19,38636.3,61.69,2048,443,24.7,Medium,Profitable
1127,47,671,2024-11,62211.33,23946.51,9116.35,23475.11,1366.31,4307.05,0.0692,497.2,0.56,34838.34,27372.99,52.54,1740,371,22.2,Medium,Break-Even
1128,47,701,2024-12,58486.56,23751.48,9372.82,18117.15,80.34,7164.77,0.1225,549.3,0.498,29126.31,29360.25,49.4,1574,290,19.7,Medium,Break-Even
1129,48,1,2023-01,67811.17,26564.31,8282.87,14156.65,904.21,17903.13,0.264,457.9,0.235,15935.62,51875.55,50.83,674,838,24.5,Medium,Profitable
1130,48,32,2023-02,70880.79,27186.34,8525.32,14726.0,1694.24,18748.89,0.2645,260.2,0.224,15877.3,55003.49,53.13,1837,446,24.8,Medium,Profitable
1131,48,60,2023-03,69184.87,28042.65,9109.18,14491.31,775.19,16766.54,0.2423,289.1,0.222,15359.04,53825.83,51.86,568,495,14.0,Medium,Profitable
1132,48,91,2023-04,61354.21,24838.62,8886.93,13052.16,1953.99,12622.51,0.2057,463.3,0.238,14602.3,46751.91,45.99,2219,307,28.4,Medium,Profitable
1133,48,121,2023-05,58055.68,20093.1,8955.24,12453.84,879.94,15673.56,0.27,324.1,0.228,13236.7,44818.98,43.52,2123,332,19.0,Medium,Profitable
1134,48,152,2023-06,62427.86,21619.04,9376.23,13652.19,1458.09,16322.31,0.2615,501.6,0.239,14920.26,47507.6,46.8,1692,289,26.1,Medium,Profitable
1135,48,182,2023-07,36813.44,14417.64,7222.26,14329.95,653.66,189.93,0.0052,390.8,0.23,8467.09,28346.35,27.6,1767,466,26.7,Medium,Break-Even
1136,48,213,2023-08,43645.66,16637.05,8605.88,14668.41,1142.49,2591.83,0.0594,639.3,0.248,10824.12,32821.54,32.72,2383,571,16.0,Medium,Break-Even
1137,48,244,2023-09,123782.96,53876.17,8747.08,14793.5,1651.3,44714.91,0.3612,768.1,0.143,17700.96,106082.0,92.79,1651,375,28.1,Medium,Highly-Profitable
1138,48,274,2023-10,44513.73,18472.21,8656.0,15591.16,902.81,891.55,0.02,618.7,0.318,14155.37,30358.36,33.37,1720,479,22.0,Medium,Break-Even
1139,48,305,2023-11,51777.96,22535.92,9172.73,14996.83,1149.15,3923.33,0.0758,337.4,0.234,12116.04,39661.92,38.81,1933,533,26.9,Medium,Break-Even
1140,48,335,2023-12,36495.31,12488.7,8027.06,17004.81,1263.04,-2288.3,-0.0627,432.3,0.198,7226.07,29269.24,27.36,2032,461,6.5,Medium,Loss-Making
1141,48,366,2024-01,90199.82,31328.01,8250.19,11976.89,1904.6,36740.13,0.4073,515.2,0.229,20655.76,69544.06,67.62,1486,266,28.7,Medium,Highly-Profitable
1142,48,397,2024-02,69943.79,28909.58,9033.57,14390.63,685.54,16924.47,0.242,351.8,0.155,10841.29,59102.5,52.43,1665,453,20.1,Medium,Profitable
1143,48,426,2024-03,86777.36,29074.21,8950.48,14424.11,1347.37,32981.19,0.3801,488.8,0.242,21000.12,65777.24,65.05,2224,199,22.1,Medium,Highly-Profitable
1144,48,457,2024-04,54083.36,18343.12,8408.42,13628.42,766.85,12936.55,0.2392,385.8,0.145,7842.09,46241.27,40.54,2243,458,30.5,Medium,Profitable
1145,48,487,2024-05,53332.49,20971.57,8837.15,14273.13,1565.57,7685.07,0.1441,489.9,0.246,13119.79,40212.7,39.98,2052,455,10.1,Medium,Break-Even
1146,48,518,2024-06,64167.16,25376.75,8672.85,15645.14,1647.07,12825.35,0.1999,518.6,0.234,15015.12,49152.04,48.1,2377,464,31.6,Medium,Profitable
1147,48,548,2024-07,69767.64,29198.45,8698.96,13980.94,1485.63,16403.66,0.2351,154.5,0.222,15488.42,54279.22,52.3,1966,459,21.6,Medium,Profitable
1148,48,579,2024-08,85772.44,31375.87,8395.25,15111.31,673.43,30216.58,0.3523,535.9,0.194,16639.85,69132.59,64.3,1315,470,10.0,Medium,Highly-Profitable
1149,48,610,2024-09,82882.3,27094.02,8248.88,13949.81,1570.91,32018.68,0.3863,514.8,0.171,14172.87,68709.43,62.13,1840,497,26.5,Medium,Highly-Profitable
1150,48,640,2024-10,67556.11,28181.6,8267.35,15039.91,1344.07,14723.18,0.2179,371.2,0.311,21009.95,46546.16,50.64,2129,330,19.5,Medium,Profitable
1151,48,671,2024-11,57699.87,21396.47,8427.75,12804.34,1296.18,13775.13,0.2387,222.3,0.189,10905.28,46794.59,43.25,1821,435,19.0,Medium,Profitable
1152,48,701,2024-12,32196.63,12528.11,8960.65,14758.6,377.84,-4428.57,-0.1375,479.9,0.252,8113.55,24083.08,24.14,2554,365,18.2,Medium,Loss-Making
1153,49,1,2023-01,82806.48,31190.86,3717.96,23373.18,1687.16,22837.32,0.2758,351.7,0.376,31135.24,51671.24,90.2,2029,346,9.2,Low,Highly-Profitable
1154,49,32,2023-02,60581.13,21381.83,3523.3,22419.22,1121.96,12134.82,0.2003,412.5,0.25,15145.28,45435.85,65.99,2178,468,24.5,Low,Profitable
1155,49,60,2023-03,68015.74,23102.68,3513.21,21566.5,627.23,19206.12,0.2824,573.1,0.383,26050.03,41965.71,74.09,1438,468,12.3,Low,Profitable
1156,49,91,2023-04,49598.22,21488.02,3653.78,18446.76,898.3,5111.36,0.1031,569.0,0.41,20335.27,29262.95,54.03,1767,601,11.7,Low,Break-Even
1157,49,121,2023-05,61633.71,25913.33,3430.14,22475.08,775.79,9039.37,0.1467,514.9,0.377,23235.91,38397.8,67.14,2097,338,21.1,Low,Profitable
1158,49,152,2023-06,61085.86,25601.77,3373.61,25125.64,770.95,6213.89,0.1017,399.7,0.377,23029.37,38056.49,66.54,1521,377,25.6,Low,Break-Even
1159,49,182,2023-07,66649.95,24787.29,3364.22,21895.7,1462.25,15140.49,0.2272,498.3,0.357,23794.03,42855.92,72.6,1544,615,23.9,Low,Profitable
1160,49,213,2023-08,56147.97,19880.7,3551.26,23373.63,1008.93,8333.45,0.1484,360.6,0.374,20999.34,35148.63,61.16,1922,523,19.9,Low,Profitable
1161,49,244,2023-09,45398.36,18500.17,3471.07,21382.49,2123.05,-78.42,-0.0017,336.7,0.306,13891.9,31506.46,49.45,967,519,7.0,Low,Break-Even
1162,49,274,2023-10,49902.57,20066.9,3573.11,26010.37,1095.21,-843.02,-0.0169,473.2,0.4,19961.03,29941.54,54.36,1454,439,25.3,Low,Break-Even
1163,49,305,2023-11,68279.91,30000.56,3728.76,24985.18,939.15,8626.26,0.1263,608.4,0.319,21781.29,46498.62,74.38,2094,512,26.9,Low,Profitable
1164,49,335,2023-12,47662.65,16444.89,3647.58,23517.49,2190.65,1862.04,0.0391,448.1,0.377,17968.82,29693.83,51.92,1947,444,29.9,Low,Break-Even
1165,49,366,2024-01,45031.59,18557.15,3277.89,23684.56,1004.16,-1492.17,-0.0331,494.0,0.44,19813.9,25217.69,49.05,2429,365,19.4,Low,Break-Even
1166,49,397,2024-02,32029.14,14048.78,3488.37,26787.09,1293.13,-13588.23,-0.4242,649.7,0.383,12267.16,19761.98,34.89,1103,348,31.0,Low,Loss-Making
1167,49,426,2024-03,51520.26,22246.03,3421.66,25595.04,815.06,-557.53,-0.0108,471.0,0.357,18392.73,33127.53,56.12,1437,483,13.9,Low,Break-Even
1168,49,457,2024-04,65941.76,25815.79,3237.67,25048.5,1289.75,10550.05,0.16,217.7,0.382,25189.75,40752.01,71.83,1816,457,17.9,Low,Profitable
1169,49,487,2024-05,48839.99,17604.15,3583.72,23781.77,858.91,3011.44,0.0617,418.7,0.325,15873.0,32966.99,53.2,2761,166,15.5,Low,Break-Even
1170,49,518,2024-06,31071.92,12265.12,3512.41,25919.19,1106.11,-11730.91,-0.3775,655.1,0.339,10533.38,20538.54,33.85,2158,333,33.7,Low,Loss-Making
1171,49,548,2024-07,79700.28,26821.1,3277.22,21012.96,899.47,27689.53,0.3474,562.2,0.359,28612.4,51087.88,86.82,1772,574,17.5,Low,Highly-Profitable
1172,49,579,2024-08,31368.84,11842.41,3987.75,22356.96,2066.3,-8884.58,-0.2832,565.1,0.354,11104.57,20264.27,34.17,1876,328,33.3,Low,Loss-Making
1173,49,610,2024-09,80577.12,34986.49,3330.25,23333.2,1263.41,17663.77,0.2192,559.0,0.361,29088.34,51488.78,87.77,1651,634,15.2,Low,Profitable
1174,49,640,2024-10,72011.37,26976.53,3360.93,22702.67,1410.5,17560.74,0.2439,557.8,0.354,25492.02,46519.35,78.44,2097,345,19.7,Low,Profitable
1175,49,671,2024-11,63221.32,21089.62,3576.7,22306.96,922.05,15325.99,0.2424,604.0,0.35,22127.46,41093.86,68.87,1686,458,12.0,Low,Profitable
1176,49,701,2024-12,69497.12,24520.0,3359.48,22749.91,1737.38,17130.35,0.2465,549.4,0.405,28146.33,41350.79,75.7,1566,451,21.9,Low,Profitable
1177,50,1,2023-01,91412.54,34136.88,5622.44,22539.08,809.18,28304.96,0.3096,439.9,0.505,46163.33,45249.21,74.44,1701,600,22.6,Medium,Highly-Profitable
1178,50,32,2023-02,68270.32,22231.03,5262.25,19859.28,299.71,20618.05,0.302,557.9,0.639,43624.73,24645.59,55.59,1494,405,11.9,Medium,Highly-Profitable
1179,50,60,2023-03,69393.61,27013.18,5425.7,21381.95,1729.83,13842.95,0.1995,529.7,0.573,39762.54,29631.07,56.51,2472,391,21.2,Medium,Profitable
1180,50,91,2023-04,81663.86,27908.89,5117.59,19945.16,1056.61,27635.61,0.3384,501.3,0.587,47936.69,33727.17,66.5,1922,189,15.3,Medium,Highly-Profitable
1181,50,121,2023-05,55464.04,24341.92,5397.01,20543.73,1264.59,3916.79,0.0706,545.7,0.555,30782.54,24681.5,45.17,2361,299,23.0,Medium,Break-Even
1182,50,152,2023-06,50503.08,22115.15,5372.16,21043.88,728.82,1243.07,0.0246,318.1,0.566,28584.74,21918.34,41.13,1436,473,24.7,Medium,Break-Even
1183,50,182,2023-07,72820.54,30886.51,5326.08,19633.48,1666.39,15308.08,0.2102,424.6,0.585,42600.02,30220.52,59.3,1145,280,24.3,Medium,Profitable
1184,50,213,2023-08,70858.47,26127.96,6006.6,21316.91,1002.57,16404.43,0.2315,329.5,0.471,33374.34,37484.13,57.7,1759,533,18.1,Medium,Profitable
1185,50,244,2023-09,63443.81,27679.43,5763.02,23958.15,510.32,5532.89,0.0872,413.2,0.581,36860.85,26582.96,51.66,1324,422,26.1,Medium,Break-Even
1186,50,274,2023-10,66269.16,21954.46,5918.49,22433.74,661.27,15301.2,0.2309,550.1,0.529,35056.39,31212.77,53.97,1941,510,21.1,Medium,Profitable
1187,50,305,2023-11,54789.89,22918.44,5635.11,19616.28,1004.8,5615.26,0.1025,353.3,0.533,29203.01,25586.88,44.62,1675,318,15.8,Medium,Break-Even
1188,50,335,2023-12,60819.95,21062.5,5609.83,20040.69,1620.07,12486.86,0.2053,577.5,0.647,39350.51,21469.44,49.53,2752,450,27.4,Medium,Profitable
1189,50,366,2024-01,75578.56,31247.69,5371.71,21199.74,1104.41,16655.01,0.2204,716.0,0.642,48521.44,27057.12,61.55,2291,471,18.9,Medium,Profitable
1190,50,397,2024-02,45296.53,15928.56,5095.66,21843.08,1359.08,1070.15,0.0236,135.6,0.639,28944.48,16352.05,36.89,1263,251,24.9,Medium,Break-Even
1191,50,426,2024-03,86076.11,28989.63,5316.79,22278.06,1499.68,27991.95,0.3252,220.8,0.458,39422.86,46653.25,70.09,2190,395,16.8,Medium,Highly-Profitable
1192,50,457,2024-04,57052.86,21449.83,5297.81,20691.18,413.29,9200.75,0.1613,490.0,0.577,32919.5,24133.36,46.46,1786,569,24.3,Medium,Profitable
1193,50,487,2024-05,79429.64,26842.61,5617.75,20159.52,1328.92,25480.84,0.3208,621.6,0.59,46863.49,32566.15,64.68,2344,452,30.7,Medium,Highly-Profitable
1194,50,518,2024-06,33450.72,14380.91,4937.88,18984.96,1416.64,-6269.67,-0.1874,520.1,0.536,17929.59,15521.13,27.24,2261,332,23.7,Low,Loss-Making
1195,50,548,2024-07,74235.13,32228.05,5514.67,18376.32,1212.22,16903.87,0.2277,420.8,0.589,43724.49,30510.64,60.45,1537,218,19.1,Medium,Profitable
1196,50,579,2024-08,72397.75,23202.25,5704.43,24988.95,1256.69,17245.43,0.2382,528.1,0.645,46696.55,25701.2,58.96,1823,421,4.4,Medium,Profitable
1197,50,610,2024-09,50953.86,19412.02,5514.15,18797.33,997.59,6232.77,0.1223,610.9,0.627,31948.07,19005.79,41.49,2029,748,29.2,Medium,Break-Even
1198,50,640,2024-10,82666.19,27213.6,5881.91,22047.54,1703.98,25819.16,0.3123,581.5,0.505,41746.43,40919.76,67.32,2020,424,34.7,Medium,Highly-Profitable
1199,50,671,2024-11,74492.22,27209.72,5543.68,20708.82,738.06,20291.94,0.2724,195.2,0.528,39331.89,35160.33,60.66,1490,490,24.8,Medium,Highly-Profitable
1200,50,701,2024-12,60714.77,21812.52,6015.33,15383.04,1271.09,16232.79,0.2674,590.7,0.721,43775.35,16939.42,49.44,1484,500,24.8,Medium,Profitable
1201,51,1,2023-01,65487.36,28723.75,2298.2,16492.72,1466.84,16505.85,0.252,386.3,0.053,3470.83,62016.53,37.25,1569,527,25.1,Low,Profitable
1202,51,32,2023-02,51471.1,21018.61,2206.01,17513.49,984.65,9748.34,0.1894,469.1,0.061,3139.74,48331.36,29.28,1747,357,25.2,Low,Profitable
1203,51,60,2023-03,62704.5,24069.72,2000.0,16712.07,1228.96,18693.75,0.2981,434.3,0.02,1254.09,61450.41,35.67,1200,414,21.8,Low,Profitable
1204,51,91,2023-04,47600.14,15686.06,2142.65,18448.41,1236.9,10086.12,0.2119,294.1,0.04,1904.01,45696.13,27.08,1245,349,20.2,Low,Profitable
1205,51,121,2023-05,59144.43,22147.84,2213.52,13346.14,1289.79,20147.14,0.3406,380.0,0.02,1182.89,57961.54,33.64,1604,643,13.9,Low,Highly-Profitable
1206,51,152,2023-06,82553.95,26872.77,2212.37,14484.45,1224.3,37760.06,0.4574,334.3,0.062,5118.34,77435.61,46.96,1698,312,21.0,Low,Highly-Profitable
1207,51,182,2023-07,75565.88,29413.06,2201.45,14747.54,916.12,28287.71,0.3743,282.5,0.023,1738.02,73827.86,42.98,2269,363,24.2,Low,Highly-Profitable
1208,51,213,2023-08,48143.39,19371.75,2160.78,15119.35,1148.57,10342.94,0.2148,528.4,0.049,2359.03,45784.36,27.39,1825,560,10.7,Low,Profitable
1209,51,244,2023-09,57057.36,20128.95,2157.01,15883.01,2046.63,16841.76,0.2952,666.4,0.02,1141.15,55916.21,32.46,1300,273,24.1,Low,Profitable
1210,51,274,2023-10,36415.21,12444.52,2220.0,16716.82,599.07,4434.8,0.1218,165.0,0.159,5790.02,30625.19,20.71,1823,424,28.6,Low,Break-Even
1211,51,305,2023-11,102959.16,35292.04,2194.27,15545.44,1561.96,48365.45,0.4698,534.3,0.058,5971.63,96987.53,58.57,1675,306,17.8,Low,Highly-Profitable
1212,51,335,2023-12,52810.89,21456.66,2289.37,16616.47,850.32,11598.07,0.2196,374.4,0.098,5175.47,47635.42,30.04,1505,286,20.8,Low,Profitable
1213,51,366,2024-01,60556.87,22435.82,2236.14,18093.28,1543.03,16248.6,0.2683,551.2,0.048,2906.73,57650.14,34.45,2509,424,21.9,Low,Profitable
1214,51,397,2024-02,51076.23,16844.76,2192.79,17330.64,714.28,13993.76,0.274,440.5,0.075,3830.72,47245.51,29.05,1990,613,19.0,Low,Profitable
1215,51,426,2024-03,44428.0,19131.85,2276.63,17955.78,906.89,4156.85,0.0936,531.4,0.025,1110.7,43317.3,25.27,1349,314,25.6,Low,Break-Even
1216,51,457,2024-04,79882.14,30214.9,2114.82,12043.09,1615.14,33894.19,0.4243,490.7,0.124,9905.39,69976.75,45.44,991,525,30.9,Low,Highly-Profitable
1217,51,487,2024-05,42476.67,17343.15,2071.53,17170.89,835.35,5055.75,0.119,470.8,0.054,2293.74,40182.93,24.16,1636,318,24.9,Low,Break-Even
1218,51,518,2024-06,79820.19,31226.69,2251.09,16462.3,694.33,29185.78,0.3656,331.6,0.057,4549.75,75270.44,45.4,1766,135,16.9,Low,Highly-Profitable
1219,51,548,2024-07,56049.69,20017.42,2188.8,15828.52,1400.22,16614.73,0.2964,580.2,0.038,2129.89,53919.8,31.88,1531,336,26.6,Low,Profitable
1220,51,579,2024-08,63379.29,25820.27,2303.13,16926.29,1242.31,17087.29,0.2696,521.5,0.091,5767.52,57611.77,36.05,1744,280,25.0,Low,Profitable
1221,51,610,2024-09,65257.47,23201.52,2329.61,16746.02,955.76,22024.56,0.3375,449.8,0.158,10310.68,54946.79,37.12,2136,532,30.2,Low,Highly-Profitable
1222,51,640,2024-10,102530.44,39490.08,2121.44,17457.04,1652.55,41809.33,0.4078,508.1,0.028,2870.85,99659.59,58.32,2118,425,35.1,Low,Highly-Profitable
1223,51,671,2024-11,75303.05,27924.33,2220.26,15234.05,606.95,29317.46,0.3893,644.8,0.02,1506.06,73796.99,42.83,2009,356,13.3,Low,Highly-Profitable
1224,51,701,2024-12,51419.58,20293.25,2313.21,18173.03,1166.66,9473.43,0.1842,511.8,0.021,1079.81,50339.77,29.25,2347,717,26.0,Low,Profitable
1225,52,1,2023-01,73693.66,24497.85,3402.28,20576.69,777.52,24439.32,0.3316,570.5,0.613,45174.21,28519.45,47.09,1796,454,14.5,Low,Highly-Profitable
1226,52,32,2023-02,52649.08,21536.94,3452.63,20351.64,957.19,6350.68,0.1206,320.1,0.508,26745.73,25903.35,33.64,2070,416,23.2,Low,Break-Even
1227,52,60,2023-03,61670.61,25365.3,3215.14,20735.16,971.83,11383.18,0.1846,526.3,0.528,32562.08,29108.53,39.41,1634,286,30.5,Low,Profitable
1228,52,91,2023-04,49662.87,21173.11,3140.4,17720.2,1890.66,5738.5,0.1155,48.6,0.558,27711.88,21950.99,31.73,2423,263,15.8,Low,Break-Even
1229,52,121,2023-05,76828.03,26955.47,3547.44,18417.57,1408.94,26498.61,0.3449,690.9,0.603,46327.3,30500.73,49.09,1830,287,7.5,Low,Highly-Profitable
1230,52,152,2023-06,89337.38,29155.07,3258.67,20455.82,1044.46,35423.36,0.3965,642.3,0.569,50832.97,38504.41,57.08,1681,236,22.3,Low,Highly-Profitable
1231,52,182,2023-07,64499.51,22707.68,3481.83,20159.76,1402.29,16747.95,0.2597,634.4,0.615,39667.2,24832.31,41.21,2009,559,9.5,Low,Profitable
1232,52,213,2023-08,39817.74,14431.35,3248.88,18864.54,1495.08,1777.89,0.0447,396.4,0.571,22735.93,17081.81,25.44,1048,373,35.2,Low,Break-Even
1233,52,244,2023-09,90657.94,33721.73,3321.15,21255.61,1202.71,31156.74,0.3437,406.7,0.512,46416.87,44241.07,57.93,1602,515,23.9,Low,Highly-Profitable
1234,52,274,2023-10,66373.58,23217.8,3357.56,19326.93,684.24,19787.05,0.2981,437.4,0.574,38098.43,28275.15,42.41,1663,216,14.6,Low,Profitable
1235,52,305,2023-11,90414.86,35151.73,3252.49,18646.0,1011.25,32353.39,0.3578,322.8,0.602,54429.75,35985.11,57.77,1957,539,22.1,Low,Highly-Profitable
1236,52,335,2023-12,54580.12,23077.17,3224.52,19588.89,1167.46,7522.08,0.1378,542.2,0.552,30128.23,24451.89,34.88,1415,320,16.8,Low,Break-Even
1237,52,366,2024-01,106091.41,37013.18,3217.5,18626.77,1128.2,46105.76,0.4346,632.5,0.515,54637.08,51454.33,67.79,1810,551,7.3,Low,Highly-Profitable
1238,52,397,2024-02,44646.97,18292.17,3537.32,21830.55,1133.52,-146.59,-0.0033,241.6,0.59,26341.71,18305.26,28.53,2185,423,24.8,Low,Break-Even
1239,52,426,2024-03,63521.88,23832.32,3328.89,19736.6,1150.48,15473.59,0.2436,421.4,0.53,33666.6,29855.28,40.59,1430,507,31.0,Low,Profitable
1240,52,457,2024-04,54783.5,17996.98,3144.19,16817.94,1364.29,15460.1,0.2822,527.7,0.499,27336.97,27446.53,35.01,1793,395,19.1,Low,Profitable
1241,52,487,2024-05,62426.38,27302.42,3479.8,18233.13,1286.02,12125.01,0.1942,490.3,0.504,31462.9,30963.48,39.89,169,278,31.2,Low,Profitable
1242,52,518,2024-06,12738.23,5358.82,3472.69,20059.7,1811.33,-17964.31,-1.4103,346.7,0.489,6228.99,6509.24,8.14,1891,331,11.2,Low,Structural-Loss
1243,52,548,2024-07,83223.28,27978.3,3220.44,20476.01,1158.9,30389.63,0.3652,512.9,0.58,48269.5,34953.78,53.18,1068,504,18.7,Low,Highly-Profitable
1244,52,579,2024-08,57594.37,23024.23,3253.59,17495.99,1421.78,12398.78,0.2153,323.3,0.591,34038.27,23556.1,36.8,1283,299,26.1,Low,Profitable
1245,52,610,2024-09,50336.53,18429.07,3601.03,20010.5,1146.58,7149.35,0.142,638.7,0.528,26577.69,23758.84,32.16,1944,381,14.3,Low,Break-Even
1246,52,640,2024-10,37989.22,12956.63,3262.31,20644.72,788.89,336.67,0.0089,387.2,0.646,24541.04,13448.18,24.27,1532,516,28.6,Low,Break-Even
1247,52,671,2024-11,41069.64,16755.49,3306.49,19771.46,1307.1,-70.9,-0.0017,627.4,0.609,25011.41,16058.23,26.24,1424,595,20.7,Low,Break-Even
1248,52,701,2024-12,52072.82,20719.41,3432.37,20062.98,1554.56,6303.5,0.1211,764.6,0.54,28119.32,23953.5,33.27,1604,481,22.4,Low,Break-Even
1249,53,1,2023-01,66336.51,26633.99,12434.21,22797.56,510.0,3960.75,0.0597,468.8,0.129,8557.41,57779.1,36.19,2328,626,21.0,High,Break-Even
1250,53,32,2023-02,62968.46,25772.78,13398.27,23313.44,961.85,-477.88,-0.0076,641.6,0.078,4911.54,58056.92,34.35,2188,439,31.7,High,Break-Even
1251,53,60,2023-03,45353.66,15582.07,12032.82,20641.63,1659.19,-4562.05,-0.1006,317.0,0.126,5714.56,39639.1,24.74,2228,466,22.4,High,Loss-Making
1252,53,91,2023-04,45174.84,15368.78,11872.16,21839.89,1636.47,-5542.46,-0.1227,624.2,0.056,2529.79,42645.05,24.65,1977,323,23.1,High,Loss-Making
1253,53,121,2023-05,84841.09,35599.93,12318.52,18433.57,1434.33,17054.74,0.201,431.5,0.041,3478.48,81362.61,46.29,1572,405,19.8,High,Profitable
1254,53,152,2023-06,77980.48,26645.03,12702.11,20312.08,1463.34,16857.92,0.2162,497.8,0.021,1637.59,76342.89,42.54,2395,464,24.4,High,Profitable
1255,53,182,2023-07,65252.57,23413.87,11468.75,18949.42,588.12,10832.41,0.166,490.2,0.02,1305.05,63947.52,35.6,1704,422,23.3,High,Profitable
1256,53,213,2023-08,45010.07,17663.24,12053.15,19015.39,1731.98,-5453.69,-0.1212,594.8,0.057,2565.57,42444.5,24.56,1376,347,16.9,High,Loss-Making
1257,53,244,2023-09,38790.34,14343.88,12538.25,20355.03,1318.54,-9765.36,-0.2517,558.9,0.107,4150.57,34639.77,21.16,1787,381,20.1,High,Loss-Making
1258,53,274,2023-10,25964.87,9205.7,11968.45,18867.29,809.51,-14886.08,-0.5733,255.3,0.127,3297.54,22667.33,14.17,1711,442,12.8,High,Loss-Making
1259,53,305,2023-11,42563.43,14302.25,11641.99,17322.6,1143.26,-1846.67,-0.0434,466.9,0.1,4256.34,38307.09,23.22,2178,507,16.5,High,Break-Even
1260,53,335,2023-12,48943.93,18518.01,12523.94,20476.37,1355.83,-3930.22,-0.0803,532.6,0.131,6411.65,42532.28,26.7,1802,648,18.2,High,Loss-Making
1261,53,366,2024-01,48859.74,19049.79,12054.42,18982.61,1439.14,-2666.22,-0.0546,601.1,0.052,2540.71,46319.03,26.66,1894,294,25.7,High,Loss-Making
1262,53,397,2024-02,82733.54,27358.61,12910.2,20290.43,1616.84,20557.46,0.2485,424.9,0.105,8687.02,74046.52,45.14,2003,293,23.2,High,Highly-Profitable
1263,53,426,2024-03,57576.09,23251.05,11044.48,17866.99,921.16,4492.41,0.078,323.4,0.132,7600.04,49976.05,31.41,1554,131,18.7,High,Break-Even
1264,53,457,2024-04,29316.87,10531.56,12039.25,20605.21,941.95,-14801.1,-0.5049,236.1,0.172,5042.5,24274.37,15.99,2164,410,21.6,High,Loss-Making
1265,53,487,2024-05,46763.01,17105.99,12759.13,17924.55,636.23,-1662.89,-0.0356,456.6,0.168,7856.19,38906.82,25.51,1035,287,15.6,High,Break-Even
1266,53,518,2024-06,63005.57,21775.06,12351.11,20743.64,1309.48,6826.28,0.1083,548.0,0.11,6930.61,56074.96,34.37,1630,430,16.8,High,Break-Even
1267,53,548,2024-07,30230.75,12789.67,12409.64,20508.55,1414.31,-16891.42,-0.5587,544.0,0.03,906.92,29323.83,16.49,2416,313,16.6,High,Structural-Loss
1268,53,579,2024-08,82943.33,31847.71,12837.55,19071.67,1754.74,17431.66,0.2102,380.6,0.099,8211.39,74731.94,45.25,1118,152,29.9,High,Profitable
1269,53,610,2024-09,47856.29,16312.45,12967.9,21128.56,933.44,-3486.06,-0.0728,555.7,0.031,1483.54,46372.75,26.11,2041,586,10.9,High,Loss-Making
1270,53,640,2024-10,71534.93,30161.88,11921.35,22368.81,1226.5,5856.39,0.0819,233.2,0.105,7511.17,64023.76,39.03,2053,405,29.2,High,Break-Even
1271,53,671,2024-11,73965.51,29318.91,12662.42,16965.99,1110.57,13907.62,0.188,622.1,0.026,1923.1,72042.41,40.35,1629,437,34.6,High,Profitable
1272,53,701,2024-12,67157.93,23264.88,11380.36,20587.38,923.46,11001.85,0.1638,350.8,0.02,1343.16,65814.77,36.64,2046,167,25.4,High,Profitable
1273,54,1,2023-01,69386.13,24149.38,5434.48,16634.23,1058.82,22109.22,0.3186,583.7,0.454,31501.3,37884.83,42.8,1772,412,26.9,Medium,Highly-Profitable
1274,54,32,2023-02,27872.59,10672.34,5351.16,15192.18,1594.96,-4938.05,-0.1772,382.6,0.459,12793.52,15079.07,17.19,2084,377,34.5,Medium,Loss-Making
1275,54,60,2023-03,100610.39,40883.83,4918.46,18443.7,1680.51,34683.89,0.3447,172.9,0.406,40847.82,59762.57,62.07,1926,256,35.4,Low,Highly-Profitable
1276,54,91,2023-04,62418.19,26608.37,5270.31,16661.21,845.28,13033.02,0.2088,417.7,0.441,27526.42,34891.77,38.51,1802,407,32.2,Medium,Profitable
1277,54,121,2023-05,69580.99,28470.31,5178.25,15461.83,671.96,19798.64,0.2845,296.3,0.555,38617.45,30963.54,42.92,1804,460,18.2,Medium,Profitable
1278,54,152,2023-06,57424.02,24761.82,5274.24,18368.74,967.35,8051.87,0.1402,585.2,0.472,27104.14,30319.88,35.43,839,619,40.1,Medium,Profitable
1279,54,182,2023-07,88025.72,36926.56,5164.46,16714.98,1042.73,28176.99,0.3201,417.1,0.471,41460.11,46565.61,54.3,1187,330,27.3,Medium,Highly-Profitable
1280,54,213,2023-08,88148.04,33353.99,5173.39,15868.14,701.27,33051.25,0.375,464.2,0.448,39490.32,48657.72,54.38,2321,198,20.0,Medium,Highly-Profitable
1281,54,244,2023-09,40275.05,14161.48,5332.96,17439.73,1138.94,2201.94,0.0547,515.3,0.498,20056.97,20218.08,24.85,1716,275,18.3,Medium,Break-Even
1282,54,274,2023-10,60917.13,21811.12,5545.3,17518.2,1950.93,14091.58,0.2313,716.0,0.449,27351.79,33565.34,37.58,1729,418,18.7,Medium,Profitable
1283,54,305,2023-11,65845.56,22563.02,4798.75,15550.57,1703.75,21229.47,0.3224,581.0,0.501,32988.63,32856.93,40.62,1654,604,18.7,Low,Highly-Profitable
1284,54,335,2023-12,66096.2,21717.74,5723.36,16060.07,1576.61,21018.42,0.318,728.0,0.521,34436.12,31660.08,40.77,2379,284,32.1,Medium,Highly-Profitable
1285,54,366,2024-01,45492.48,18646.6,5192.51,14396.91,1189.08,6067.38,0.1334,524.7,0.419,19061.35,26431.13,28.06,1564,193,23.7,Medium,Break-Even
1286,54,397,2024-02,65462.22,24316.13,5092.82,16107.73,841.84,19103.7,0.2918,515.6,0.558,36527.92,28934.3,40.38,2745,386,24.5,Medium,Profitable
1287,54,426,2024-03,56215.21,20037.92,5501.37,18521.33,1012.86,11141.73,0.1982,263.8,0.502,28220.04,27995.17,34.68,1602,492,30.3,Medium,Profitable
1288,54,457,2024-04,86729.96,28548.96,5227.25,18093.89,1034.33,33825.53,0.39,297.6,0.465,40329.43,46400.53,53.5,1502,327,20.8,Medium,Highly-Profitable
1289,54,487,2024-05,49650.86,20439.11,4830.97,16723.94,810.46,6846.38,0.1379,346.1,0.55,27307.97,22342.89,30.63,1280,295,18.3,Low,Break-Even
1290,54,518,2024-06,65033.38,25433.28,5647.1,18042.65,1660.15,14250.2,0.2191,302.0,0.535,34792.86,30240.52,40.12,1713,323,20.7,Medium,Profitable
1291,54,548,2024-07,52346.45,18181.5,5629.51,16121.29,1489.78,10924.37,0.2087,502.4,0.461,24131.71,28214.74,32.29,1834,468,20.3,Medium,Profitable
1292,54,579,2024-08,65766.7,21340.7,5410.22,16057.37,1219.54,21738.87,0.3305,831.6,0.571,37552.79,28213.91,40.57,1648,265,14.5,Medium,Highly-Profitable
1293,54,610,2024-09,75553.22,29921.74,5377.98,17264.06,1292.77,21696.67,0.2872,485.9,0.534,40345.42,35207.8,46.61,1444,548,29.0,Medium,Highly-Profitable
1294,54,640,2024-10,36187.45,15138.27,5181.64,18723.75,1490.05,-4346.26,-0.1201,332.7,0.427,15452.04,20735.41,22.32,1891,494,16.1,Medium,Loss-Making
1295,54,671,2024-11,52753.67,19638.65,5187.34,16125.34,1827.32,9975.02,0.1891,366.0,0.414,21840.02,30913.65,32.54,1694,477,18.9,Medium,Profitable
1296,54,701,2024-12,68482.13,27919.95,5461.06,18635.18,0.0,16465.94,0.2404,395.7,0.403,27598.3,40883.83,42.25,1354,323,26.9,Medium,Profitable
1297,55,1,2023-01,58058.83,20865.42,4444.69,20540.88,1216.29,10991.55,0.1893,238.3,0.441,25603.94,32454.89,51.88,1892,55,17.0,Low,Profitable
1298,55,32,2023-02,70065.43,24861.12,4298.14,21334.68,1037.51,18533.98,0.2645,395.1,0.362,25363.69,44701.74,62.61,2155,208,24.4,Low,Profitable
1299,55,60,2023-03,32050.03,13740.97,4438.77,21042.2,2304.14,-9476.05,-0.2957,760.4,0.432,13845.61,18204.42,28.64,1581,87,17.8,Low,Loss-Making
1300,55,91,2023-04,66882.13,27137.74,4682.54,22359.89,1325.19,11376.77,0.1701,419.9,0.397,26552.21,40329.92,59.77,1534,209,25.6,Low,Profitable
1301,55,121,2023-05,50784.75,21525.87,4075.61,17821.99,1748.78,5612.5,0.1105,383.0,0.417,21177.24,29607.51,45.38,1445,254,26.2,Low,Break-Even
1302,55,152,2023-06,60789.17,25557.53,4443.53,19997.9,849.97,9940.24,0.1635,312.6,0.387,23525.41,37263.76,54.32,2208,295,27.2,Low,Profitable
1303,55,182,2023-07,60604.48,22320.74,4445.03,19744.76,1181.66,12912.29,0.2131,595.6,0.338,20484.31,40120.17,54.16,1695,439,29.0,Low,Profitable
1304,55,213,2023-08,69406.66,25596.86,4317.54,23823.22,1543.85,14125.19,0.2035,566.1,0.508,35258.58,34148.08,62.03,2271,323,25.5,Low,Profitable
1305,55,244,2023-09,57364.33,21465.7,4150.67,22226.38,1740.07,7781.51,0.1357,741.4,0.383,21970.54,35393.79,51.26,1860,312,17.4,Low,Break-Even
1306,55,274,2023-10,87225.15,37388.25,4424.11,21152.41,1876.4,22383.98,0.2566,415.1,0.399,34802.83,52422.32,77.95,1463,402,18.8,Low,Highly-Profitable
1307,55,305,2023-11,72338.12,26086.88,4331.73,19238.47,808.58,21872.46,0.3024,432.5,0.454,32841.51,39496.61,64.65,1390,209,23.7,Low,Highly-Profitable
1308,55,335,2023-12,54424.25,19654.07,4668.61,21685.45,930.16,7485.96,0.1375,485.8,0.424,23075.88,31348.37,48.64,1851,423,20.2,Low,Break-Even
1309,55,366,2024-01,43526.47,16800.5,4608.49,23055.59,598.39,-1536.5,-0.0353,460.2,0.431,18759.91,24766.56,38.9,1854,437,19.4,Low,Break-Even
1310,55,397,2024-02,89891.72,29728.74,4104.43,19199.29,958.17,35901.09,0.3994,594.8,0.33,29664.27,60227.45,80.33,1157,134,24.6,Low,Highly-Profitable
1311,55,426,2024-03,67103.58,26877.64,4397.09,19141.81,1022.71,15664.33,0.2334,357.8,0.363,24358.6,42744.98,59.97,2589,515,25.7,Low,Profitable
1312,55,457,2024-04,57967.52,18582.11,4575.81,21022.35,1750.56,12036.69,0.2076,530.6,0.332,19245.22,38722.3,51.8,1775,190,20.9,Low,Profitable
1313,55,487,2024-05,55103.82,18948.54,3902.17,22673.53,1263.96,8315.62,0.1509,389.7,0.407,22427.25,32676.57,49.24,1887,314,14.9,Low,Profitable
1314,55,518,2024-06,32488.85,13045.68,4127.34,20513.54,514.94,-5712.65,-0.1758,260.7,0.27,8771.99,23716.86,29.03,1946,357,25.5,Low,Loss-Making
1315,55,548,2024-07,49708.88,18638.06,4526.26,22684.86,1442.22,2417.48,0.0486,435.1,0.409,20330.93,29377.95,44.42,2207,388,16.5,Low,Break-Even
1316,55,579,2024-08,57693.43,24037.85,4474.9,24915.59,1143.06,3122.03,0.0541,622.2,0.354,20423.47,37269.96,51.56,1610,293,27.2,Low,Break-Even
1317,55,610,2024-09,70753.14,29159.88,4378.62,19526.14,1248.39,16440.11,0.2324,584.6,0.35,24763.6,45989.54,63.23,2079,344,24.6,Low,Profitable
1318,55,640,2024-10,56879.11,23071.05,4660.26,20518.22,595.17,8034.41,0.1413,602.7,0.299,17006.85,39872.26,50.83,1895,229,15.5,Low,Profitable
1319,55,671,2024-11,48940.38,19917.08,4608.59,21460.91,1110.41,1843.39,0.0377,393.9,0.362,17716.42,31223.96,43.74,1489,546,24.7,Low,Break-Even
1320,55,701,2024-12,50549.82,20172.28,4069.56,20396.14,1151.39,4760.45,0.0942,605.9,0.226,11424.26,39125.56,45.17,1594,513,12.4,Low,Break-Even
1321,56,1,2023-01,72738.83,24307.18,4646.55,18573.92,1028.39,24182.79,0.3325,297.3,0.512,37242.28,35496.55,39.06,2061,357,19.1,Low,Highly-Profitable
1322,56,32,2023-02,67687.57,27092.24,4351.06,17122.66,1051.28,18070.33,0.267,415.4,0.394,26668.9,41018.67,36.35,1666,602,25.6,Low,Profitable
1323,56,60,2023-03,77053.18,33774.57,4176.57,16122.95,961.64,22017.45,0.2857,514.9,0.458,35290.36,41762.82,41.38,2421,341,20.8,Low,Highly-Profitable
1324,56,91,2023-04,76158.35,31508.87,4263.57,15592.3,1095.6,23698.01,0.3112,601.8,0.531,40440.08,35718.27,40.9,1588,400,27.5,Low,Highly-Profitable
1325,56,121,2023-05,82056.85,35970.49,4543.02,15670.72,1019.27,24853.35,0.3029,650.4,0.511,41931.05,40125.8,44.07,802,422,27.1,Low,Highly-Profitable
1326,56,152,2023-06,59853.5,19626.15,4154.25,14937.34,1814.25,19321.51,0.3228,519.5,0.53,31722.36,28131.14,32.14,1496,282,23.1,Low,Profitable
1327,56,182,2023-07,79704.1,33889.14,4537.33,16646.52,802.65,23828.46,0.299,602.0,0.4,31881.64,47822.46,42.81,2048,456,26.2,Low,Highly-Profitable
1328,56,213,2023-08,29593.47,10712.31,4496.51,19385.04,1134.32,-6134.71,-0.2073,391.0,0.446,13198.69,16394.78,15.89,1650,547,26.8,Low,Loss-Making
1329,56,244,2023-09,45506.63,16402.15,4501.13,19309.22,1099.91,4194.22,0.0922,274.8,0.497,22616.8,22889.83,24.44,2114,399,26.2,Low,Break-Even
1330,56,274,2023-10,67330.88,26516.1,4463.5,18069.82,1822.98,16458.48,0.2444,357.5,0.54,36358.68,30972.2,36.16,2071,545,25.3,Low,Profitable
1331,56,305,2023-11,64462.51,27628.95,4373.38,15896.67,1266.21,15297.3,0.2373,449.3,0.57,36743.63,27718.88,34.62,2348,522,22.0,Low,Profitable
1332,56,335,2023-12,70120.58,26193.27,4393.17,15490.81,588.29,23455.04,0.3345,471.9,0.455,31904.86,38215.72,37.66,2015,501,17.7,Low,Highly-Profitable
1333,56,366,2024-01,64117.24,24984.59,4869.21,19705.68,1468.29,13089.47,0.2041,603.1,0.456,29237.46,34879.78,34.43,1768,653,23.7,Low,Profitable
1334,56,397,2024-02,68858.78,28968.29,4046.48,18466.87,1274.43,16102.71,0.2339,591.5,0.4,27543.51,41315.27,36.98,2291,274,31.1,Low,Profitable
1335,56,426,2024-03,70732.57,24088.5,4287.58,18494.58,1284.46,22577.45,0.3192,334.9,0.478,33810.17,36922.4,37.99,2087,263,38.7,Low,Highly-Profitable
1336,56,457,2024-04,101851.37,41397.91,4487.99,16282.81,918.67,38763.99,0.3806,327.6,0.475,48379.4,53471.97,54.7,2593,488,22.9,Low,Highly-Profitable
1337,56,487,2024-05,62317.98,24024.3,4559.51,19074.23,1199.82,13460.12,0.216,400.7,0.463,28853.22,33464.76,33.47,1683,410,4.5,Low,Profitable
1338,56,518,2024-06,68080.19,26811.28,4522.34,14643.77,1501.35,20601.45,0.3026,344.0,0.518,35265.54,32814.65,36.56,2181,200,30.3,Low,Highly-Profitable
1339,56,548,2024-07,55527.55,20534.03,4433.76,16969.58,1546.53,12043.65,0.2169,553.8,0.454,25209.51,30318.04,29.82,1779,605,16.6,Low,Profitable
1340,56,579,2024-08,79089.01,31614.21,4475.06,16120.44,599.22,26280.08,0.3323,387.5,0.46,36380.94,42708.07,42.48,2014,338,14.1,Low,Highly-Profitable
1341,56,610,2024-09,91681.81,36685.61,4558.41,18912.8,835.74,30689.25,0.3347,751.7,0.425,38964.77,52717.04,49.24,1691,507,21.8,Low,Highly-Profitable
1342,56,640,2024-10,68272.04,29129.34,4593.11,15248.5,1492.77,17808.32,0.2608,608.0,0.443,30244.51,38027.53,36.67,1017,404,27.6,Low,Profitable
1343,56,671,2024-11,51375.91,17614.62,4249.97,15885.0,1584.0,12042.32,0.2344,664.5,0.469,24095.3,27280.61,27.59,1884,302,32.3,Low,Profitable
1344,56,701,2024-12,71040.49,29374.66,4358.84,16811.09,1290.87,19205.03,0.2703,650.1,0.447,31755.1,39285.39,38.15,2309,457,20.9,Low,Profitable
1345,57,1,2023-01,62681.34,24105.03,4667.84,19231.95,1479.05,13197.47,0.2105,421.3,0.522,32719.66,29961.68,45.62,1328,192,31.5,Low,Profitable
1346,57,32,2023-02,79030.03,30188.32,4623.12,16156.96,2017.57,26044.06,0.3295,480.4,0.553,43703.61,35326.42,57.52,2400,182,19.2,Low,Highly-Profitable
1347,57,60,2023-03,61039.59,22488.56,5153.54,17232.23,1225.46,14939.8,0.2448,697.5,0.624,38088.7,22950.89,44.42,1569,324,13.6,Medium,Profitable
1348,57,91,2023-04,88831.74,32514.11,4302.77,16965.75,640.3,34408.81,0.3873,592.5,0.45,39974.28,48857.46,64.65,1523,193,24.4,Low,Highly-Profitable
1349,57,121,2023-05,53381.26,21888.85,4519.79,18017.38,1361.64,7593.6,0.1423,672.2,0.567,30267.17,23114.09,38.85,1605,407,22.7,Low,Break-Even
1350,57,152,2023-06,76980.87,28297.31,4455.83,18387.04,1704.63,24136.06,0.3135,480.7,0.505,38875.34,38105.53,56.03,1861,231,24.1,Low,Highly-Profitable
1351,57,182,2023-07,63017.01,23699.76,4732.3,16203.93,1824.23,16556.79,0.2627,182.1,0.544,34281.25,28735.76,45.86,1768,318,13.9,Low,Profitable
1352,57,213,2023-08,74647.83,32228.89,4464.67,19597.65,1136.76,17219.86,0.2307,384.8,0.481,35905.61,38742.22,54.33,1894,488,18.6,Low,Profitable
1353,57,244,2023-09,57727.92,24748.19,4710.33,15632.89,1517.25,11119.26,0.1926,259.3,0.554,31981.27,25746.65,42.01,1845,522,13.7,Low,Profitable
1354,57,274,2023-10,75197.87,25816.38,4489.25,19362.79,1415.1,24114.35,0.3207,386.8,0.423,31808.7,43389.17,54.73,1826,553,27.5,Low,Highly-Profitable
1355,57,305,2023-11,73000.2,31460.58,4759.98,17178.25,543.67,19057.72,0.2611,393.4,0.441,32193.09,40807.11,53.13,2155,421,30.3,Low,Profitable
1356,57,335,2023-12,50065.04,16434.43,4901.67,18786.78,1412.27,8529.89,0.1704,492.9,0.523,26184.02,23881.02,36.44,825,325,28.3,Low,Profitable
1357,57,366,2024-01,60585.96,23241.07,4404.82,18343.11,1251.75,13345.21,0.2203,409.5,0.545,33019.35,27566.61,44.09,2078,511,3.0,Low,Profitable
1358,57,397,2024-02,93572.95,31072.21,4671.61,17312.59,1594.53,38922.01,0.416,560.0,0.566,52962.29,40610.66,68.1,2095,569,26.1,Low,Highly-Profitable
1359,57,426,2024-03,77282.97,31386.13,4600.7,18371.06,1128.8,21796.28,0.282,554.1,0.445,34390.92,42892.05,56.25,2127,300,21.5,Low,Highly-Profitable
1360,57,457,2024-04,45396.88,15198.17,4612.19,19360.46,1067.17,5158.89,0.1136,569.1,0.382,17341.61,28055.27,33.04,1606,354,21.8,Low,Break-Even
1361,57,487,2024-05,77938.72,30307.17,4738.34,14702.24,1726.55,26464.42,0.3396,471.6,0.525,40917.83,37020.89,56.72,1325,254,20.1,Low,Highly-Profitable
1362,57,518,2024-06,84947.85,32957.19,4552.24,17738.49,979.01,28720.92,0.3381,367.5,0.464,39415.8,45532.05,61.83,1405,660,17.9,Low,Highly-Profitable
1363,57,548,2024-07,32436.44,11052.87,4712.0,20592.69,803.79,-4724.91,-0.1457,574.3,0.528,17126.44,15310.0,23.61,2037,232,30.8,Low,Loss-Making
1364,57,579,2024-08,47389.11,19908.66,5006.14,17526.75,1700.55,3247.01,0.0685,382.2,0.539,25542.73,21846.38,34.49,814,489,17.1,Medium,Break-Even
1365,57,610,2024-09,58979.9,24209.63,4608.2,17220.42,1264.82,11676.83,0.198,673.3,0.379,22353.38,36626.52,42.93,2103,602,17.5,Low,Profitable
1366,57,640,2024-10,76113.24,28886.57,4648.34,19920.73,1977.03,20680.57,0.2717,506.7,0.536,40796.7,35316.54,55.4,2251,468,12.0,Low,Highly-Profitable
1367,57,671,2024-11,65206.4,26894.44,4676.46,19471.8,1190.51,12973.19,0.199,525.0,0.503,32798.82,32407.58,47.46,1716,421,28.5,Low,Profitable
1368,57,701,2024-12,77818.76,31961.21,4765.64,17071.9,959.24,23060.77,0.2963,555.8,0.472,36730.45,41088.31,56.64,1551,403,20.0,Low,Highly-Profitable
1369,58,1,2023-01,52665.68,18390.43,5060.0,26051.21,1317.99,1846.05,0.0351,239.3,0.387,20381.62,32284.06,37.35,1684,461,18.6,Medium,Break-Even
1370,58,32,2023-02,58991.0,23562.29,5156.21,23384.31,964.35,5923.84,0.1004,495.4,0.373,22003.64,36987.36,41.84,1250,622,38.0,Medium,Break-Even
1371,58,60,2023-03,73465.13,31178.72,4512.99,26908.65,460.9,10403.87,0.1416,580.4,0.366,26888.24,46576.89,52.1,2064,474,9.2,Low,Profitable
1372,58,91,2023-04,70805.59,23037.17,4553.55,24402.77,603.23,18208.87,0.2572,405.9,0.361,25560.82,45244.77,50.22,1221,454,20.5,Low,Profitable
1373,58,121,2023-05,81107.51,33504.83,4737.51,22947.07,1558.85,18359.25,0.2264,566.2,0.396,32118.57,48988.94,57.52,2218,449,27.4,Low,Profitable
1374,58,152,2023-06,57463.43,22302.14,4813.94,21673.68,467.61,8206.06,0.1428,610.5,0.403,23157.76,34305.67,40.75,1896,245,24.3,Low,Profitable
1375,58,182,2023-07,33843.1,14274.93,4545.6,24280.3,2022.2,-11279.93,-0.3333,685.5,0.333,11269.75,22573.35,24.0,2155,497,27.9,Low,Loss-Making
1376,58,213,2023-08,77347.6,31457.65,4564.26,23907.66,1501.69,15916.34,0.2058,568.0,0.364,28154.53,49193.07,54.86,1668,394,33.0,Low,Profitable
1377,58,244,2023-09,53039.22,21426.86,4926.04,22776.09,794.05,3116.18,0.0588,709.4,0.459,24345.0,28694.22,37.62,1715,274,21.1,Low,Break-Even
1378,58,274,2023-10,75181.99,30676.36,4532.59,27903.22,1407.78,10662.04,0.1418,493.2,0.366,27516.61,47665.38,53.32,2377,402,23.9,Low,Profitable
1379,58,305,2023-11,41088.66,16450.65,4970.02,25971.17,1083.66,-7386.84,-0.1798,437.3,0.379,15572.6,25516.06,29.14,1812,339,16.9,Low,Loss-Making
1380,58,335,2023-12,77090.31,28607.79,5429.52,25018.96,1287.18,16746.86,0.2172,272.5,0.423,32609.2,44481.11,54.67,1630,301,20.1,Medium,Profitable
1381,58,366,2024-01,75216.16,30515.6,5070.84,26221.27,495.47,12912.98,0.1717,622.4,0.342,25723.93,49492.23,53.34,2550,377,21.3,Medium,Profitable
1382,58,397,2024-02,53168.23,20112.77,5422.64,23657.71,1228.03,2747.08,0.0517,203.8,0.344,18289.87,34878.36,37.71,2029,306,26.1,Medium,Break-Even
1383,58,426,2024-03,69421.68,27349.15,5172.11,25134.32,1361.12,10404.98,0.1499,405.5,0.408,28324.05,41097.63,49.24,1769,562,18.7,Medium,Profitable
1384,58,457,2024-04,50382.26,20667.59,4691.09,23404.16,902.51,716.91,0.0142,637.6,0.373,18792.58,31589.68,35.73,1691,555,32.6,Low,Break-Even
1385,58,487,2024-05,59256.23,23065.01,5156.06,23456.9,796.03,6782.23,0.1145,503.3,0.449,26606.05,32650.18,42.03,2125,614,20.5,Medium,Break-Even
1386,58,518,2024-06,61977.36,21431.34,5005.41,27495.43,1397.56,6647.62,0.1073,487.0,0.343,21258.23,40719.13,43.96,1915,443,34.0,Medium,Break-Even
1387,58,548,2024-07,54555.71,21985.63,5017.92,27715.64,2007.2,-2170.68,-0.0398,434.8,0.408,22258.73,32296.98,38.69,1473,308,33.6,Medium,Loss-Making
1388,58,579,2024-08,83736.39,29123.76,5103.43,24105.94,1587.73,23815.53,0.2844,371.4,0.398,33327.08,50409.31,59.39,2335,411,29.1,Medium,Highly-Profitable
1389,58,610,2024-09,49573.35,19677.95,4437.01,22593.3,988.5,1876.59,0.0379,746.0,0.295,14624.14,34949.21,35.16,1870,393,20.0,Low,Break-Even
1390,58,640,2024-10,66683.56,22044.57,5338.14,26141.84,1206.02,11952.99,0.1792,600.0,0.385,25673.17,41010.39,47.29,1597,333,22.6,Medium,Profitable
1391,58,671,2024-11,78678.92,30327.88,5115.26,22874.72,572.8,19788.26,0.2515,365.3,0.477,37529.84,41149.08,55.8,2285,510,34.3,Medium,Profitable
1392,58,701,2024-12,39791.46,13289.22,4842.77,20372.93,990.0,296.54,0.0075,592.4,0.439,17468.45,22323.01,28.22,1634,266,9.5,Low,Break-Even
1393,59,1,2023-01,56729.39,21496.91,5807.19,22595.66,1680.38,5149.25,0.0908,431.6,0.085,4822.0,51907.39,64.03,1945,552,10.1,Medium,Break-Even
1394,59,32,2023-02,59339.39,23512.15,5381.82,23950.65,1093.75,5401.02,0.091,536.3,0.039,2314.24,57025.15,66.97,1759,301,25.8,Medium,Break-Even
1395,59,60,2023-03,36044.33,15389.35,5738.27,21323.54,1712.44,-8119.27,-0.2253,740.3,0.174,6271.71,29772.62,40.68,1392,306,14.6,Medium,Loss-Making
1396,59,91,2023-04,61707.45,25943.28,5794.23,18772.27,622.29,10575.38,0.1714,484.2,0.085,5245.13,56462.32,69.65,1033,460,34.5,Medium,Profitable
1397,59,121,2023-05,103359.36,33139.33,5635.19,22256.16,1592.19,40736.49,0.3941,726.6,0.139,14366.95,88992.41,116.66,1625,372,21.9,Medium,Highly-Profitable
1398,59,152,2023-06,29425.77,12753.18,5623.66,20911.07,1304.78,-11166.92,-0.3795,734.8,0.15,4413.87,25011.9,33.21,1413,445,20.3,Medium,Loss-Making
1399,59,182,2023-07,63036.23,21281.15,5620.04,21076.72,928.32,14130.0,0.2242,539.3,0.119,7501.31,55534.92,71.15,1080,278,22.1,Medium,Profitable
1400,59,213,2023-08,48626.72,18756.06,6078.7,22123.42,1491.09,177.45,0.0036,668.5,0.053,2577.22,46049.5,54.88,1443,158,22.1,Medium,Break-Even
1401,59,244,2023-09,59714.17,20658.97,5801.63,20710.73,1615.0,10927.84,0.183,456.6,0.068,4060.56,55653.61,67.4,1085,531,27.1,Medium,Profitable
1402,59,274,2023-10,57694.13,25063.34,5525.11,21497.72,943.05,4664.91,0.0809,530.1,0.102,5884.8,51809.33,65.12,2174,338,15.7,Medium,Break-Even
1403,59,305,2023-11,60741.85,23137.73,5330.29,19966.12,1382.36,10925.35,0.1799,582.3,0.039,2368.93,58372.92,68.56,2538,429,19.8,Medium,Profitable
1404,59,335,2023-12,82300.01,27625.98,5860.16,20873.17,2217.4,25723.3,0.3126,477.9,0.046,3785.8,78514.21,92.89,1318,449,26.9,Medium,Highly-Profitable
1405,59,366,2024-01,48016.92,16464.16,5425.53,21963.22,1427.51,2736.5,0.057,503.0,0.116,5569.96,42446.96,54.2,1885,510,23.8,Medium,Break-Even
1406,59,397,2024-02,55416.25,19402.3,5717.11,20319.34,1000.39,8977.11,0.162,446.0,0.032,1773.32,53642.93,62.55,1727,451,12.6,Medium,Profitable
1407,59,426,2024-03,42380.3,17271.52,6054.48,19903.41,1084.66,-1933.77,-0.0456,629.8,0.04,1695.21,40685.09,47.83,1978,419,17.5,Medium,Break-Even
1408,59,457,2024-04,77952.77,26488.22,6136.36,23122.74,1076.06,21129.39,0.2711,477.1,0.02,1559.06,76393.71,87.98,1931,383,17.7,Medium,Highly-Profitable
1409,59,487,2024-05,64854.68,25198.7,5459.14,20525.1,814.48,12857.26,0.1982,681.9,0.057,3696.72,61157.96,73.2,1738,235,28.4,Medium,Profitable
1410,59,518,2024-06,49217.38,18818.03,5993.08,22215.47,1674.22,516.58,0.0105,522.6,0.02,984.35,48233.03,55.55,2088,462,9.8,Medium,Break-Even
1411,59,548,2024-07,67808.76,25506.78,5996.2,22294.19,2097.14,11914.45,0.1757,134.4,0.035,2373.31,65435.45,76.53,920,542,9.9,Medium,Profitable
1412,59,579,2024-08,55025.54,23985.22,6093.48,21768.26,1473.2,1705.38,0.031,453.3,0.091,5007.32,50018.22,62.11,1706,479,19.2,Medium,Break-Even
1413,59,610,2024-09,77418.99,25937.05,5630.46,21874.2,1326.63,22650.65,0.2926,361.6,0.128,9909.63,67509.36,87.38,2098,379,33.8,Medium,Highly-Profitable
1414,59,640,2024-10,62714.45,25124.87,5723.14,23695.09,1605.1,6566.25,0.1047,202.0,0.148,9281.74,53432.71,70.78,1534,372,29.1,Medium,Break-Even
1415,59,671,2024-11,44530.84,16426.27,5407.63,21589.33,1325.18,-217.57,-0.0049,610.3,0.14,6234.32,38296.52,50.26,1687,175,16.8,Medium,Break-Even
1416,59,701,2024-12,42873.47,15317.23,6022.18,22672.78,2143.01,-3281.73,-0.0765,768.8,0.083,3558.5,39314.97,48.39,1315,505,22.1,Medium,Loss-Making
1417,60,1,2023-01,65235.54,27063.42,5016.66,20689.81,877.46,11588.19,0.1776,421.4,0.215,14025.64,51209.9,33.77,1951,543,38.6,Medium,Profitable
1418,60,32,2023-02,59144.78,20574.86,5235.97,20276.06,1202.61,11855.28,0.2004,481.7,0.181,10705.21,48439.57,30.61,1910,530,24.5,Medium,Profitable
1419,60,60,2023-03,47535.7,15219.55,5494.62,17998.95,639.87,8182.71,0.1721,366.0,0.059,2804.61,44731.09,24.6,2236,316,15.4,Medium,Profitable
1420,60,91,2023-04,61335.26,23065.37,5278.87,21888.48,1595.97,9506.57,0.155,841.1,0.101,6194.86,55140.4,31.75,1656,673,3.7,Medium,Profitable
1421,60,121,2023-05,64206.49,25447.19,5398.08,14330.55,1077.12,17953.55,0.2796,615.5,0.041,2632.47,61574.02,33.23,1932,424,26.9,Medium,Profitable
1422,60,152,2023-06,64661.93,26699.64,5389.95,19615.49,1504.52,11452.33,0.1771,389.0,0.058,3750.39,60911.54,33.47,1219,499,25.6,Medium,Profitable
1423,60,182,2023-07,65090.58,25934.39,4954.98,19490.67,1355.82,13354.72,0.2052,59.8,0.15,9763.59,55326.99,33.69,2118,578,27.5,Low,Profitable
1424,60,213,2023-08,25752.39,8766.45,5566.0,17657.36,717.24,-6954.66,-0.2701,207.2,0.167,4300.65,21451.74,13.33,1885,509,21.5,Medium,Loss-Making
1425,60,244,2023-09,67548.82,27964.12,5396.63,17961.74,1257.44,14968.89,0.2216,587.5,0.15,10132.32,57416.5,34.96,2181,503,30.9,Medium,Profitable
1426,60,274,2023-10,63412.78,20723.09,5650.5,16644.74,877.17,19517.28,0.3078,420.0,0.03,1902.38,61510.4,32.82,1876,392,15.2,Medium,Profitable
1427,60,305,2023-11,50871.04,18586.47,5805.55,17500.83,971.43,8006.76,0.1574,520.3,0.206,10479.43,40391.61,26.33,1718,582,24.5,Medium,Profitable
1428,60,335,2023-12,55887.03,20041.23,5653.41,18489.9,1291.38,10411.11,0.1863,455.9,0.184,10283.21,45603.82,28.93,997,485,33.4,Medium,Profitable
1429,60,366,2024-01,65564.99,22370.09,5248.51,19600.94,528.99,17816.46,0.2717,519.0,0.192,12588.48,52976.51,33.94,1497,430,24.9,Medium,Profitable
1430,60,397,2024-02,69546.21,27577.94,5839.24,21985.88,1965.19,12177.96,0.1751,276.0,0.163,11336.03,58210.18,36.0,1772,419,23.6,Medium,Profitable
1431,60,426,2024-03,45506.98,18640.16,5382.61,20071.51,1205.82,206.88,0.0045,602.8,0.145,6598.51,38908.47,23.55,2417,465,22.3,Medium,Break-Even
1432,60,457,2024-04,69268.72,29724.1,5281.46,21511.59,1218.64,11532.93,0.1665,551.4,0.115,7965.9,61302.82,35.85,1760,386,19.3,Medium,Profitable
1433,60,487,2024-05,43424.67,18879.17,5589.81,20089.56,1692.57,-2826.44,-0.0651,519.5,0.071,3083.15,40341.52,22.48,2000,391,4.6,Medium,Loss-Making
1434,60,518,2024-06,72051.43,23362.08,5286.13,17741.73,1400.28,24261.21,0.3367,829.5,0.109,7853.61,64197.82,37.29,1730,548,22.9,Medium,Highly-Profitable
1435,60,548,2024-07,49904.59,18557.45,5066.45,18048.0,1114.25,7118.44,0.1426,264.3,0.147,7335.97,42568.62,25.83,1914,348,22.7,Medium,Break-Even
1436,60,579,2024-08,66679.77,29276.15,5303.15,17855.18,1528.55,12716.74,0.1907,506.9,0.113,7534.81,59144.96,34.51,784,439,33.6,Medium,Profitable
1437,60,610,2024-09,72548.65,23535.57,5418.4,20007.84,1562.56,22024.28,0.3036,553.9,0.12,8705.84,63842.81,37.55,1150,194,18.9,Medium,Highly-Profitable
1438,60,640,2024-10,98154.83,32161.92,5556.12,22805.85,1054.44,36576.5,0.3726,493.0,0.163,15999.24,82155.59,50.8,1476,441,21.2,Medium,Highly-Profitable
1439,60,671,2024-11,59348.89,24214.45,5074.29,18229.78,1438.93,10391.44,0.1751,533.4,0.144,8546.24,50802.65,30.72,1614,502,32.8,Medium,Profitable
1440,60,701,2024-12,78482.09,31497.11,5432.63,21081.53,1301.76,19169.06,0.2442,429.8,0.084,6592.5,71889.59,40.62,1312,373,24.8,Medium,Profitable
